ID,WAGE_YEAR4
0,0.0
1,43556.8
2,0.0
3,0.0
4,39026.666666666664
5,0.0
6,0.0
7,41214.6
8,0.0
9,0.0
10,0.0
11,0.0
12,0.0
13,0.0
14,0.0
15,74255.06666666667
16,0.0
17,0.0
18,0.0
19,0.0
20,0.0
21,0.0
22,63370.13333333333
23,0.0
24,0.0
25,0.0
26,0.0
27,0.0
28,0.0
29,0.0
30,0.0
31,0.0
32,0.0
33,0.0
34,79242.06666666667
35,0.0
36,0.0
37,0.0
38,0.0
39,0.0
40,0.0
41,0.0
42,0.0
43,0.0
44,0.0
45,0.0
46,0.0
47,69738.93333333333
48,0.0
49,0.0
50,0.0
51,0.0
52,0.0
53,40572.53333333333
54,0.0
55,0.0
56,0.0
57,0.0
58,0.0
59,0.0
60,0.0
61,0.0
62,0.0
63,0.0
64,0.0
65,0.0
66,0.0
67,0.0
68,0.0
69,0.0
70,0.0
71,0.0
72,0.0
73,0.0
74,0.0
75,0.0
76,0.0
77,0.0
78,0.0
79,0.0
80,0.0
81,0.0
82,0.0
83,0.0
84,0.0
85,0.0
86,69141.73333333334
87,46902.53333333333
88,0.0
89,0.0
90,0.0
91,0.0
92,0.0
93,0.0
94,0.0
95,0.0
96,0.0
97,0.0
98,0.0
99,0.0
100,0.0
101,0.0
102,0.0
103,0.0
104,62331.8
105,0.0
106,0.0
107,0.0
108,0.0
109,0.0
110,0.0
111,0.0
112,0.0
113,0.0
114,0.0
115,0.0
116,0.0
117,0.0
118,0.0
119,57026.0
120,0.0
121,0.0
122,49939.53333333333
123,0.0
124,0.0
125,0.0
126,0.0
127,42906.333333333336
128,0.0
129,0.0
130,0.0
131,0.0
132,0.0
133,0.0
134,0.0
135,0.0
136,0.0
137,59893.666666666664
138,0.0
139,0.0
140,66474.2
141,0.0
142,0.0
143,0.0
144,50361.86666666667
145,0.0
146,0.0
147,0.0
148,46816.0
149,67573.53333333334
150,0.0
151,0.0
152,0.0
153,0.0
154,0.0
155,76359.93333333333
156,0.0
157,0.0
158,0.0
159,0.0
160,0.0
161,0.0
162,0.0
163,0.0
164,0.0
165,0.0
166,0.0
167,0.0
168,0.0
169,0.0
170,0.0
171,0.0
172,0.0
173,0.0
174,0.0
175,0.0
176,0.0
177,0.0
178,0.0
179,0.0
180,0.0
181,0.0
182,0.0
183,0.0
184,46172.53333333333
185,0.0
186,0.0
187,0.0
188,97279.46666666666
189,0.0
190,0.0
191,61557.46666666667
192,0.0
193,0.0
194,0.0
195,0.0
196,0.0
197,0.0
198,0.0
199,65424.86666666667
200,0.0
201,0.0
202,0.0
203,77461.86666666667
204,0.0
205,0.0
206,0.0
207,0.0
208,45515.0
209,0.0
210,0.0
211,0.0
212,0.0
213,0.0
214,0.0
215,0.0
216,0.0
217,0.0
218,0.0
219,0.0
220,0.0
221,0.0
222,0.0
223,0.0
224,0.0
225,0.0
226,0.0
227,0.0
228,0.0
229,44041.333333333336
230,0.0
231,0.0
232,0.0
233,0.0
234,0.0
235,0.0
236,0.0
237,0.0
238,0.0
239,0.0
240,0.0
241,0.0
242,0.0
243,0.0
244,63808.0
245,61171.8
246,0.0
247,71439.66666666667
248,0.0
249,0.0
250,0.0
251,0.0
252,0.0
253,0.0
254,0.0
255,0.0
256,0.0
257,0.0
258,0.0
259,0.0
260,0.0
261,0.0
262,0.0
263,0.0
264,0.0
265,0.0
266,0.0
267,0.0
268,0.0
269,0.0
270,72284.0
271,0.0
272,0.0
273,0.0
274,0.0
275,0.0
276,0.0
277,0.0
278,0.0
279,0.0
280,0.0
281,65225.666666666664
282,0.0
283,0.0
284,0.0
285,0.0
286,0.0
287,0.0
288,51995.53333333333
289,61083.26666666667
290,0.0
291,0.0
292,0.0
293,0.0
294,0.0
295,41297.8
296,39566.333333333336
297,105792.8
298,0.0
299,0.0
300,0.0
301,0.0
302,93555.06666666667
303,77496.66666666667
304,0.0
305,0.0
306,0.0
307,0.0
308,0.0
309,0.0
310,0.0
311,0.0
312,0.0
313,0.0
314,0.0
315,0.0
316,0.0
317,0.0
318,0.0
319,38344.0
320,0.0
321,0.0
322,0.0
323,0.0
324,0.0
325,0.0
326,0.0
327,0.0
328,0.0
329,0.0
330,0.0
331,0.0
332,0.0
333,0.0
334,0.0
335,0.0
336,0.0
337,0.0
338,0.0
339,0.0
340,0.0
341,0.0
342,0.0
343,0.0
344,0.0
345,0.0
346,39643.46666666667
347,0.0
348,0.0
349,0.0
350,0.0
351,0.0
352,0.0
353,0.0
354,0.0
355,0.0
356,0.0
357,0.0
358,0.0
359,0.0
360,0.0
361,0.0
362,0.0
363,0.0
364,0.0
365,0.0
366,0.0
367,0.0
368,0.0
369,0.0
370,0.0
371,0.0
372,0.0
373,0.0
374,0.0
375,0.0
376,44307.4
377,0.0
378,0.0
379,0.0
380,0.0
381,0.0
382,0.0
383,0.0
384,0.0
385,0.0
386,79010.26666666666
387,114059.86666666667
388,0.0
389,0.0
390,0.0
391,0.0
392,70000.8
393,0.0
394,46644.73333333333
395,0.0
396,0.0
397,0.0
398,0.0
399,0.0
400,42415.333333333336
401,0.0
402,0.0
403,0.0
404,0.0
405,0.0
406,82475.53333333334
407,0.0
408,0.0
409,0.0
410,0.0
411,0.0
412,0.0
413,0.0
414,0.0
415,0.0
416,0.0
417,0.0
418,0.0
419,0.0
420,0.0
421,0.0
422,0.0
423,78439.0
424,0.0
425,0.0
426,38556.86666666667
427,0.0
428,0.0
429,0.0
430,0.0
431,0.0
432,40916.8
433,0.0
434,84239.4
435,0.0
436,0.0
437,0.0
438,0.0
439,0.0
440,0.0
441,0.0
442,38511.6
443,0.0
444,0.0
445,0.0
446,0.0
447,0.0
448,0.0
449,61773.13333333333
450,0.0
451,0.0
452,81663.06666666667
453,0.0
454,67072.6
455,0.0
456,0.0
457,0.0
458,0.0
459,0.0
460,0.0
461,0.0
462,0.0
463,0.0
464,0.0
465,0.0
466,49143.666666666664
467,0.0
468,0.0
469,0.0
470,0.0
471,0.0
472,0.0
473,0.0
474,0.0
475,0.0
476,0.0
477,0.0
478,0.0
479,0.0
480,71099.46666666666
481,0.0
482,0.0
483,0.0
484,0.0
485,0.0
486,0.0
487,0.0
488,0.0
489,0.0
490,0.0
491,0.0
492,0.0
493,0.0
494,0.0
495,0.0
496,0.0
497,0.0
498,0.0
499,39029.26666666667
500,0.0
501,0.0
502,70347.06666666667
503,57633.933333333334
504,0.0
505,0.0
506,0.0
507,0.0
508,0.0
509,0.0
510,0.0
511,0.0
512,0.0
513,42637.066666666666
514,0.0
515,0.0
516,0.0
517,0.0
518,0.0
519,0.0
520,0.0
521,0.0
522,0.0
523,0.0
524,0.0
525,0.0
526,0.0
527,0.0
528,0.0
529,0.0
530,0.0
531,0.0
532,0.0
533,0.0
534,0.0
535,0.0
536,0.0
537,0.0
538,0.0
539,40872.2
540,0.0
541,0.0
542,0.0
543,0.0
544,63909.86666666667
545,0.0
546,0.0
547,0.0
548,44738.4
549,0.0
550,0.0
551,0.0
552,0.0
553,0.0
554,0.0
555,0.0
556,47079.666666666664
557,0.0
558,0.0
559,0.0
560,0.0
561,0.0
562,71159.6
563,0.0
564,0.0
565,0.0
566,0.0
567,0.0
568,0.0
569,0.0
570,0.0
571,0.0
572,39219.53333333333
573,0.0
574,0.0
575,0.0
576,0.0
577,0.0
578,0.0
579,0.0
580,68980.2
581,0.0
582,0.0
583,0.0
584,0.0
585,0.0
586,0.0
587,0.0
588,0.0
589,0.0
590,0.0
591,0.0
592,0.0
593,0.0
594,0.0
595,0.0
596,0.0
597,0.0
598,0.0
599,84439.06666666667
600,0.0
601,0.0
602,0.0
603,0.0
604,0.0
605,0.0
606,0.0
607,0.0
608,0.0
609,0.0
610,0.0
611,0.0
612,0.0
613,0.0
614,0.0
615,0.0
616,43936.8
617,66091.26666666666
618,0.0
619,94087.8
620,0.0
621,0.0
622,0.0
623,0.0
624,0.0
625,0.0
626,0.0
627,0.0
628,0.0
629,49935.2
630,0.0
631,0.0
632,0.0
633,0.0
634,0.0
635,0.0
636,0.0
637,0.0
638,0.0
639,0.0
640,63478.26666666667
641,0.0
642,0.0
643,0.0
644,47517.53333333333
645,0.0
646,41090.2
647,0.0
648,0.0
649,101625.8
650,0.0
651,0.0
652,0.0
653,0.0
654,71784.6
655,0.0
656,0.0
657,0.0
658,0.0
659,0.0
660,0.0
661,0.0
662,0.0
663,0.0
664,0.0
665,0.0
666,0.0
667,66178.33333333333
668,0.0
669,0.0
670,0.0
671,0.0
672,0.0
673,0.0
674,0.0
675,0.0
676,0.0
677,0.0
678,68571.2
679,0.0
680,0.0
681,0.0
682,0.0
683,41897.2
684,0.0
685,0.0
686,0.0
687,0.0
688,0.0
689,0.0
690,0.0
691,0.0
692,0.0
693,0.0
694,0.0
695,0.0
696,0.0
697,0.0
698,74644.13333333333
699,0.0
700,0.0
701,0.0
702,0.0
703,0.0
704,0.0
705,0.0
706,0.0
707,0.0
708,0.0
709,0.0
710,78624.26666666666
711,0.0
712,0.0
713,0.0
714,0.0
715,0.0
716,0.0
717,0.0
718,0.0
719,0.0
720,54721.066666666666
721,0.0
722,0.0
723,59317.53333333333
724,72950.26666666666
725,0.0
726,0.0
727,72671.26666666666
728,0.0
729,0.0
730,82475.53333333334
731,0.0
732,0.0
733,0.0
734,0.0
735,0.0
736,0.0
737,0.0
738,36195.53333333333
739,0.0
740,0.0
741,0.0
742,0.0
743,0.0
744,0.0
745,0.0
746,0.0
747,0.0
748,0.0
749,0.0
750,0.0
751,0.0
752,0.0
753,0.0
754,0.0
755,0.0
756,0.0
757,0.0
758,0.0
759,0.0
760,48253.53333333333
761,0.0
762,0.0
763,0.0
764,0.0
765,0.0
766,0.0
767,0.0
768,0.0
769,0.0
770,72443.4
771,0.0
772,0.0
773,0.0
774,0.0
775,0.0
776,0.0
777,0.0
778,0.0
779,0.0
780,0.0
781,0.0
782,0.0
783,0.0
784,0.0
785,0.0
786,72106.0
787,50205.066666666666
788,0.0
789,0.0
790,0.0
791,0.0
792,0.0
793,0.0
794,0.0
795,0.0
796,0.0
797,0.0
798,0.0
799,0.0
800,0.0
801,0.0
802,0.0
803,0.0
804,0.0
805,0.0
806,0.0
807,0.0
808,0.0
809,0.0
810,0.0
811,44458.4
812,0.0
813,0.0
814,0.0
815,0.0
816,0.0
817,0.0
818,0.0
819,0.0
820,0.0
821,0.0
822,0.0
823,0.0
824,0.0
825,0.0
826,0.0
827,71521.73333333334
828,0.0
829,0.0
830,0.0
831,0.0
832,67849.86666666667
833,0.0
834,63340.066666666666
835,0.0
836,0.0
837,0.0
838,0.0
839,0.0
840,0.0
841,64775.2
842,0.0
843,0.0
844,0.0
845,0.0
846,0.0
847,0.0
848,0.0
849,0.0
850,0.0
851,0.0
852,0.0
853,0.0
854,0.0
855,0.0
856,0.0
857,0.0
858,0.0
859,0.0
860,0.0
861,0.0
862,0.0
863,0.0
864,0.0
865,0.0
866,0.0
867,0.0
868,66139.93333333333
869,0.0
870,0.0
871,0.0
872,0.0
873,0.0
874,36291.53333333333
875,0.0
876,0.0
877,0.0
878,0.0
879,0.0
880,0.0
881,0.0
882,0.0
883,0.0
884,47132.8
885,0.0
886,0.0
887,0.0
888,0.0
889,0.0
890,0.0
891,0.0
892,81796.86666666667
893,72244.66666666667
894,0.0
895,70681.73333333334
896,0.0
897,0.0
898,0.0
899,0.0
900,0.0
901,119381.13333333333
902,0.0
903,0.0
904,0.0
905,0.0
906,0.0
907,0.0
908,0.0
909,0.0
910,0.0
911,0.0
912,0.0
913,0.0
914,117655.4
915,0.0
916,0.0
917,40575.333333333336
918,0.0
919,0.0
920,41523.46666666667
921,0.0
922,0.0
923,46366.13333333333
924,37735.066666666666
925,0.0
926,0.0
927,0.0
928,0.0
929,0.0
930,0.0
931,0.0
932,37332.6
933,0.0
934,0.0
935,0.0
936,0.0
937,0.0
938,42516.46666666667
939,0.0
940,0.0
941,0.0
942,0.0
943,0.0
944,0.0
945,0.0
946,0.0
947,0.0
948,0.0
949,0.0
950,0.0
951,0.0
952,0.0
953,0.0
954,0.0
955,0.0
956,0.0
957,0.0
958,42154.666666666664
959,0.0
960,0.0
961,0.0
962,61606.26666666667
963,0.0
964,0.0
965,0.0
966,0.0
967,0.0
968,0.0
969,62391.4
970,0.0
971,0.0
972,0.0
973,0.0
974,51674.666666666664
975,0.0
976,0.0
977,47691.0
978,0.0
979,0.0
980,78397.93333333333
981,0.0
982,0.0
983,0.0
984,117119.0
985,0.0
986,0.0
987,0.0
988,0.0
989,0.0
990,39406.4
991,0.0
992,0.0
993,0.0
994,0.0
995,0.0
996,0.0
997,47803.4
998,0.0
999,0.0
1000,0.0
1001,0.0
1002,0.0
1003,0.0
1004,0.0
1005,0.0
1006,0.0
1007,99174.4
1008,0.0
1009,0.0
1010,0.0
1011,0.0
1012,0.0
1013,79967.93333333333
1014,0.0
1015,0.0
1016,0.0
1017,0.0
1018,0.0
1019,42373.86666666667
1020,71710.4
1021,94877.33333333333
1022,0.0
1023,0.0
1024,0.0
1025,0.0
1026,71260.66666666667
1027,0.0
1028,0.0
1029,0.0
1030,0.0
1031,75657.06666666667
1032,0.0
1033,0.0
1034,0.0
1035,0.0
1036,0.0
1037,0.0
1038,0.0
1039,53150.0
1040,0.0
1041,68573.73333333334
1042,0.0
1043,63674.066666666666
1044,70932.66666666667
1045,43128.333333333336
1046,0.0
1047,0.0
1048,0.0
1049,0.0
1050,84134.66666666667
1051,0.0
1052,0.0
1053,0.0
1054,0.0
1055,0.0
1056,0.0
1057,0.0
1058,0.0
1059,0.0
1060,0.0
1061,77067.13333333333
1062,46217.46666666667
1063,0.0
1064,0.0
1065,43010.13333333333
1066,0.0
1067,0.0
1068,41212.933333333334
1069,0.0
1070,40278.933333333334
1071,0.0
1072,0.0
1073,39628.0
1074,75845.26666666666
1075,0.0
1076,0.0
1077,0.0
1078,0.0
1079,0.0
1080,0.0
1081,0.0
1082,0.0
1083,0.0
1084,0.0
1085,55896.26666666667
1086,0.0
1087,0.0
1088,0.0
1089,78634.86666666667
1090,0.0
1091,0.0
1092,38815.333333333336
1093,0.0
1094,0.0
1095,0.0
1096,0.0
1097,0.0
1098,0.0
1099,72102.8
1100,0.0
1101,0.0
1102,0.0
1103,0.0
1104,0.0
1105,0.0
1106,57396.13333333333
1107,0.0
1108,0.0
1109,48220.066666666666
1110,0.0
1111,0.0
1112,0.0
1113,0.0
1114,0.0
1115,0.0
1116,0.0
1117,0.0
1118,0.0
1119,0.0
1120,0.0
1121,0.0
1122,0.0
1123,0.0
1124,0.0
1125,41240.73333333333
1126,0.0
1127,0.0
1128,0.0
1129,0.0
1130,0.0
1131,0.0
1132,0.0
1133,0.0
1134,0.0
1135,0.0
1136,46661.6
1137,0.0
1138,0.0
1139,0.0
1140,0.0
1141,0.0
1142,0.0
1143,0.0
1144,0.0
1145,0.0
1146,0.0
1147,0.0
1148,70326.53333333334
1149,0.0
1150,0.0
1151,0.0
1152,0.0
1153,51175.53333333333
1154,0.0
1155,0.0
1156,0.0
1157,0.0
1158,0.0
1159,0.0
1160,0.0
1161,0.0
1162,0.0
1163,0.0
1164,0.0
1165,0.0
1166,0.0
1167,0.0
1168,0.0
1169,0.0
1170,0.0
1171,61101.6
1172,0.0
1173,0.0
1174,0.0
1175,0.0
1176,0.0
1177,0.0
1178,0.0
1179,0.0
1180,0.0
1181,0.0
1182,0.0
1183,0.0
1184,0.0
1185,0.0
1186,0.0
1187,0.0
1188,47003.333333333336
1189,0.0
1190,0.0
1191,0.0
1192,0.0
1193,0.0
1194,0.0
1195,0.0
1196,0.0
1197,39739.46666666667
1198,0.0
1199,46217.46666666667
1200,0.0
1201,0.0
1202,0.0
1203,0.0
1204,68848.4
1205,0.0
1206,0.0
1207,0.0
1208,0.0
1209,0.0
1210,0.0
1211,76043.8
1212,0.0
1213,0.0
1214,0.0
1215,0.0
1216,0.0
1217,0.0
1218,0.0
1219,0.0
1220,0.0
1221,0.0
1222,0.0
1223,0.0
1224,0.0
1225,0.0
1226,0.0
1227,0.0
1228,0.0
1229,0.0
1230,0.0
1231,0.0
1232,0.0
1233,0.0
1234,0.0
1235,0.0
1236,0.0
1237,0.0
1238,0.0
1239,0.0
1240,0.0
1241,0.0
1242,0.0
1243,0.0
1244,0.0
1245,40912.066666666666
1246,0.0
1247,72921.53333333334
1248,0.0
1249,0.0
1250,0.0
1251,95872.66666666667
1252,0.0
1253,0.0
1254,75075.06666666667
1255,0.0
1256,0.0
1257,0.0
1258,0.0
1259,63115.8
1260,0.0
1261,41814.73333333333
1262,0.0
1263,0.0
1264,0.0
1265,0.0
1266,0.0
1267,55372.4
1268,0.0
1269,0.0
1270,0.0
1271,0.0
1272,0.0
1273,0.0
1274,0.0
1275,0.0
1276,0.0
1277,0.0
1278,0.0
1279,0.0
1280,0.0
1281,0.0
1282,0.0
1283,0.0
1284,0.0
1285,0.0
1286,0.0
1287,0.0
1288,0.0
1289,0.0
1290,0.0
1291,40039.86666666667
1292,0.0
1293,0.0
1294,60134.73333333333
1295,0.0
1296,0.0
1297,0.0
1298,0.0
1299,0.0
1300,0.0
1301,0.0
1302,67459.33333333333
1303,0.0
1304,0.0
1305,0.0
1306,0.0
1307,0.0
1308,39206.066666666666
1309,71322.2
1310,0.0
1311,0.0
1312,0.0
1313,43622.53333333333
1314,0.0
1315,47517.53333333333
1316,0.0
1317,0.0
1318,0.0
1319,76480.33333333333
1320,0.0
1321,0.0
1322,0.0
1323,0.0
1324,0.0
1325,0.0
1326,0.0
1327,0.0
1328,0.0
1329,116395.86666666667
1330,0.0
1331,0.0
1332,0.0
1333,73128.0
1334,0.0
1335,38556.86666666667
1336,0.0
1337,0.0
1338,0.0
1339,0.0
1340,0.0
1341,0.0
1342,56126.13333333333
1343,0.0
1344,0.0
1345,0.0
1346,0.0
1347,0.0
1348,0.0
1349,0.0
1350,0.0
1351,0.0
1352,40751.6
1353,0.0
1354,0.0
1355,0.0
1356,0.0
1357,0.0
1358,0.0
1359,0.0
1360,0.0
1361,0.0
1362,0.0
1363,0.0
1364,0.0
1365,47612.066666666666
1366,61760.53333333333
1367,0.0
1368,0.0
1369,0.0
1370,0.0
1371,0.0
1372,0.0
1373,71446.13333333333
1374,0.0
1375,0.0
1376,0.0
1377,0.0
1378,0.0
1379,0.0
1380,0.0
1381,0.0
1382,0.0
1383,0.0
1384,0.0
1385,0.0
1386,0.0
1387,0.0
1388,0.0
1389,0.0
1390,0.0
1391,0.0
1392,0.0
1393,0.0
1394,0.0
1395,0.0
1396,0.0
1397,0.0
1398,0.0
1399,39907.933333333334
1400,0.0
1401,0.0
1402,0.0
1403,41879.2
1404,0.0
1405,0.0
1406,0.0
1407,0.0
1408,0.0
1409,0.0
1410,0.0
1411,0.0
1412,0.0
1413,0.0
1414,0.0
1415,0.0
1416,0.0
1417,0.0
1418,45070.0
1419,80993.66666666667
1420,0.0
1421,0.0
1422,0.0
1423,0.0
1424,0.0
1425,0.0
1426,40169.333333333336
1427,68873.86666666667
1428,0.0
1429,0.0
1430,0.0
1431,0.0
1432,45326.73333333333
1433,0.0
1434,59893.666666666664
1435,0.0
1436,0.0
1437,0.0
1438,0.0
1439,0.0
1440,0.0
1441,0.0
1442,0.0
1443,0.0
1444,0.0
1445,0.0
1446,0.0
1447,0.0
1448,0.0
1449,0.0
1450,0.0
1451,0.0
1452,0.0
1453,0.0
1454,0.0
1455,0.0
1456,0.0
1457,0.0
1458,0.0
1459,57787.13333333333
1460,61691.13333333333
1461,45690.4
1462,0.0
1463,0.0
1464,83186.93333333333
1465,0.0
1466,0.0
1467,0.0
1468,0.0
1469,0.0
1470,0.0
1471,0.0
1472,0.0
1473,0.0
1474,0.0
1475,0.0
1476,0.0
1477,0.0
1478,0.0
1479,0.0
1480,0.0
1481,0.0
1482,0.0
1483,0.0
1484,0.0
1485,0.0
1486,80276.46666666666
1487,0.0
1488,0.0
1489,0.0
1490,0.0
1491,46826.6
1492,0.0
1493,0.0
1494,0.0
1495,0.0
1496,77760.46666666666
1497,65988.66666666667
1498,0.0
1499,0.0
1500,0.0
1501,0.0
1502,0.0
1503,0.0
1504,0.0
1505,0.0
1506,0.0
1507,0.0
1508,0.0
1509,0.0
1510,0.0
1511,0.0
1512,0.0
1513,0.0
1514,69246.53333333334
1515,0.0
1516,0.0
1517,0.0
1518,0.0
1519,0.0
1520,0.0
1521,0.0
1522,0.0
1523,0.0
1524,0.0
1525,0.0
1526,0.0
1527,0.0
1528,38944.0
1529,0.0
1530,51175.53333333333
1531,0.0
1532,70481.0
1533,0.0
1534,0.0
1535,0.0
1536,0.0
1537,0.0
1538,0.0
1539,0.0
1540,0.0
1541,0.0
1542,0.0
1543,0.0
1544,0.0
1545,0.0
1546,0.0
1547,0.0
1548,0.0
1549,0.0
1550,59387.2
1551,0.0
1552,0.0
1553,0.0
1554,60795.2
1555,90139.46666666666
1556,0.0
1557,0.0
1558,0.0
1559,69858.26666666666
1560,0.0
1561,0.0
1562,0.0
1563,0.0
1564,0.0
1565,0.0
1566,0.0
1567,0.0
1568,0.0
1569,0.0
1570,37197.46666666667
1571,0.0
1572,0.0
1573,0.0
1574,87318.73333333334
1575,0.0
1576,0.0
1577,0.0
1578,0.0
1579,0.0
1580,0.0
1581,0.0
1582,0.0
1583,0.0
1584,60198.4
1585,0.0
1586,0.0
1587,0.0
1588,0.0
1589,0.0
1590,89604.2
1591,0.0
1592,0.0
1593,0.0
1594,78438.46666666666
1595,41498.6
1596,0.0
1597,0.0
1598,0.0
1599,0.0
1600,0.0
1601,0.0
1602,0.0
1603,0.0
1604,0.0
1605,0.0
1606,0.0
1607,0.0
1608,0.0
1609,0.0
1610,0.0
1611,0.0
1612,0.0
1613,0.0
1614,41342.73333333333
1615,0.0
1616,0.0
1617,0.0
1618,0.0
1619,40421.066666666666
1620,0.0
1621,0.0
1622,0.0
1623,0.0
1624,0.0
1625,0.0
1626,0.0
1627,0.0
1628,0.0
1629,0.0
1630,0.0
1631,0.0
1632,0.0
1633,0.0
1634,0.0
1635,0.0
1636,0.0
1637,0.0
1638,0.0
1639,0.0
1640,0.0
1641,0.0
1642,0.0
1643,0.0
1644,0.0
1645,0.0
1646,0.0
1647,45317.8
1648,0.0
1649,0.0
1650,0.0
1651,0.0
1652,0.0
1653,0.0
1654,0.0
1655,37235.26666666667
1656,0.0
1657,52659.2
1658,0.0
1659,0.0
1660,0.0
1661,42508.86666666667
1662,45842.2
1663,0.0
1664,0.0
1665,0.0
1666,0.0
1667,0.0
1668,0.0
1669,39870.73333333333
1670,0.0
1671,0.0
1672,0.0
1673,0.0
1674,0.0
1675,0.0
1676,0.0
1677,0.0
1678,0.0
1679,0.0
1680,0.0
1681,0.0
1682,0.0
1683,0.0
1684,0.0
1685,0.0
1686,43225.26666666667
1687,0.0
1688,0.0
1689,42961.666666666664
1690,0.0
1691,0.0
1692,0.0
1693,40192.86666666667
1694,0.0
1695,0.0
1696,0.0
1697,0.0
1698,0.0
1699,0.0
1700,0.0
1701,0.0
1702,0.0
1703,72720.93333333333
1704,0.0
1705,62937.86666666667
1706,0.0
1707,0.0
1708,0.0
1709,0.0
1710,0.0
1711,0.0
1712,0.0
1713,0.0
1714,0.0
1715,0.0
1716,0.0
1717,0.0
1718,0.0
1719,0.0
1720,0.0
1721,0.0
1722,0.0
1723,47422.86666666667
1724,0.0
1725,0.0
1726,0.0
1727,0.0
1728,0.0
1729,0.0
1730,0.0
1731,0.0
1732,0.0
1733,0.0
1734,0.0
1735,0.0
1736,0.0
1737,0.0
1738,0.0
1739,0.0
1740,0.0
1741,0.0
1742,0.0
1743,0.0
1744,0.0
1745,0.0
1746,0.0
1747,0.0
1748,0.0
1749,0.0
1750,0.0
1751,0.0
1752,0.0
1753,0.0
1754,0.0
1755,0.0
1756,64031.066666666666
1757,0.0
1758,0.0
1759,0.0
1760,0.0
1761,0.0
1762,0.0
1763,0.0
1764,0.0
1765,0.0
1766,0.0
1767,0.0
1768,40661.666666666664
1769,0.0
1770,0.0
1771,0.0
1772,0.0
1773,0.0
1774,0.0
1775,0.0
1776,0.0
1777,0.0
1778,0.0
1779,0.0
1780,0.0
1781,0.0
1782,0.0
1783,0.0
1784,86902.46666666666
1785,0.0
1786,0.0
1787,0.0
1788,0.0
1789,0.0
1790,0.0
1791,0.0
1792,0.0
1793,0.0
1794,0.0
1795,0.0
1796,0.0
1797,66822.0
1798,0.0
1799,0.0
1800,0.0
1801,0.0
1802,0.0
1803,0.0
1804,0.0
1805,0.0
1806,0.0
1807,0.0
1808,0.0
1809,0.0
1810,43432.0
1811,0.0
1812,0.0
1813,54080.46666666667
1814,79882.0
1815,0.0
1816,0.0
1817,0.0
1818,0.0
1819,0.0
1820,0.0
1821,0.0
1822,0.0
1823,0.0
1824,0.0
1825,0.0
1826,0.0
1827,0.0
1828,0.0
1829,0.0
1830,0.0
1831,0.0
1832,68727.33333333333
1833,0.0
1834,0.0
1835,57550.13333333333
1836,0.0
1837,0.0
1838,81095.86666666667
1839,0.0
1840,0.0
1841,82065.53333333334
1842,0.0
1843,0.0
1844,0.0
1845,0.0
1846,0.0
1847,0.0
1848,0.0
1849,0.0
1850,0.0
1851,0.0
1852,0.0
1853,0.0
1854,0.0
1855,0.0
1856,0.0
1857,0.0
1858,41074.0
1859,0.0
1860,0.0
1861,0.0
1862,0.0
1863,0.0
1864,0.0
1865,0.0
1866,0.0
1867,0.0
1868,0.0
1869,72283.33333333333
1870,0.0
1871,0.0
1872,0.0
1873,40528.73333333333
1874,0.0
1875,0.0
1876,0.0
1877,0.0
1878,0.0
1879,64755.333333333336
1880,0.0
1881,0.0
1882,74017.33333333333
1883,0.0
1884,0.0
1885,0.0
1886,0.0
1887,0.0
1888,0.0
1889,0.0
1890,0.0
1891,0.0
1892,0.0
1893,73508.46666666666
1894,0.0
1895,0.0
1896,0.0
1897,0.0
1898,67944.8
1899,53339.13333333333
1900,0.0
1901,0.0
1902,0.0
1903,91982.66666666667
1904,0.0
1905,44458.4
1906,0.0
1907,0.0
1908,43562.73333333333
1909,0.0
1910,0.0
1911,0.0
1912,0.0
1913,72095.53333333334
1914,0.0
1915,0.0
1916,0.0
1917,0.0
1918,0.0
1919,0.0
1920,0.0
1921,0.0
1922,0.0
1923,0.0
1924,40547.6
1925,0.0
1926,0.0
1927,92276.2
1928,0.0
1929,0.0
1930,0.0
1931,0.0
1932,0.0
1933,0.0
1934,0.0
1935,0.0
1936,0.0
1937,77932.46666666666
1938,0.0
1939,39314.86666666667
1940,0.0
1941,0.0
1942,61263.13333333333
1943,0.0
1944,74025.8
1945,0.0
1946,0.0
1947,0.0
1948,62894.066666666666
1949,41925.46666666667
1950,0.0
1951,0.0
1952,90817.6
1953,0.0
1954,0.0
1955,0.0
1956,0.0
1957,0.0
1958,0.0
1959,0.0
1960,0.0
1961,0.0
1962,0.0
1963,0.0
1964,0.0
1965,0.0
1966,0.0
1967,0.0
1968,0.0
1969,0.0
1970,38027.6
1971,0.0
1972,0.0
1973,0.0
1974,0.0
1975,0.0
1976,0.0
1977,0.0
1978,102387.06666666667
1979,0.0
1980,0.0
1981,0.0
1982,0.0
1983,50863.86666666667
1984,40405.86666666667
1985,0.0
1986,73149.46666666666
1987,51024.53333333333
1988,0.0
1989,69738.93333333333
1990,39085.666666666664
1991,0.0
1992,84127.66666666667
1993,0.0
1994,0.0
1995,0.0
1996,0.0
1997,88170.26666666666
1998,0.0
1999,0.0
2000,0.0
2001,0.0
2002,0.0
2003,0.0
2004,0.0
2005,0.0
2006,43285.6
2007,0.0
2008,0.0
2009,0.0
2010,0.0
2011,0.0
2012,0.0
2013,77631.33333333333
2014,51045.8
2015,45987.13333333333
2016,0.0
2017,0.0
2018,0.0
2019,0.0
2020,0.0
2021,48220.066666666666
2022,0.0
2023,0.0
2024,0.0
2025,0.0
2026,0.0
2027,0.0
2028,0.0
2029,0.0
2030,0.0
2031,0.0
2032,0.0
2033,0.0
2034,42206.333333333336
2035,0.0
2036,0.0
2037,0.0
2038,0.0
2039,0.0
2040,0.0
2041,0.0
2042,0.0
2043,0.0
2044,0.0
2045,82618.93333333333
2046,0.0
2047,0.0
2048,0.0
2049,0.0
2050,0.0
2051,0.0
2052,0.0
2053,0.0
2054,0.0
2055,0.0
2056,0.0
2057,47635.13333333333
2058,0.0
2059,0.0
2060,0.0
2061,0.0
2062,0.0
2063,0.0
2064,0.0
2065,0.0
2066,0.0
2067,0.0
2068,0.0
2069,0.0
2070,0.0
2071,0.0
2072,49461.666666666664
2073,0.0
2074,0.0
2075,0.0
2076,0.0
2077,0.0
2078,0.0
2079,0.0
2080,0.0
2081,0.0
2082,0.0
2083,0.0
2084,0.0
2085,0.0
2086,0.0
2087,67849.86666666667
2088,0.0
2089,0.0
2090,0.0
2091,0.0
2092,0.0
2093,0.0
2094,0.0
2095,0.0
2096,0.0
2097,62973.13333333333
2098,71178.4
2099,48557.86666666667
2100,0.0
2101,0.0
2102,0.0
2103,69539.4
2104,0.0
2105,81231.13333333333
2106,0.0
2107,0.0
2108,0.0
2109,48358.333333333336
2110,46313.066666666666
2111,0.0
2112,67691.73333333334
2113,0.0
2114,0.0
2115,0.0
2116,0.0
2117,0.0
2118,0.0
2119,0.0
2120,0.0
2121,0.0
2122,42294.26666666667
2123,0.0
2124,0.0
2125,63849.0
2126,0.0
2127,51774.6
2128,0.0
2129,0.0
2130,79007.4
2131,0.0
2132,0.0
2133,0.0
2134,0.0
2135,0.0
2136,0.0
2137,0.0
2138,0.0
2139,0.0
2140,39042.13333333333
2141,0.0
2142,0.0
2143,0.0
2144,0.0
2145,0.0
2146,0.0
2147,35867.666666666664
2148,0.0
2149,0.0
2150,102558.0
2151,40653.933333333334
2152,0.0
2153,0.0
2154,0.0
2155,75098.8
2156,41599.6
2157,0.0
2158,0.0
2159,0.0
2160,0.0
2161,0.0
2162,0.0
2163,0.0
2164,0.0
2165,0.0
2166,78942.93333333333
2167,0.0
2168,0.0
2169,0.0
2170,0.0
2171,0.0
2172,0.0
2173,0.0
2174,42409.8
2175,0.0
2176,59687.066666666666
2177,61150.86666666667
2178,0.0
2179,0.0
2180,0.0
2181,62431.86666666667
2182,0.0
2183,0.0
2184,0.0
2185,0.0
2186,0.0
2187,0.0
2188,0.0
2189,0.0
2190,0.0
2191,0.0
2192,0.0
2193,62478.2
2194,0.0
2195,0.0
2196,0.0
2197,60479.26666666667
2198,57575.666666666664
2199,0.0
2200,0.0
2201,0.0
2202,0.0
2203,51214.933333333334
2204,0.0
2205,0.0
2206,0.0
2207,0.0
2208,0.0
2209,0.0
2210,0.0
2211,0.0
2212,0.0
2213,0.0
2214,0.0
2215,0.0
2216,0.0
2217,0.0
2218,0.0
2219,0.0
2220,0.0
2221,0.0
2222,0.0
2223,0.0
2224,0.0
2225,0.0
2226,0.0
2227,0.0
2228,0.0
2229,0.0
2230,0.0
2231,45034.86666666667
2232,66290.0
2233,0.0
2234,0.0
2235,54258.13333333333
2236,0.0
2237,0.0
2238,72595.8
2239,0.0
2240,0.0
2241,0.0
2242,0.0
2243,0.0
2244,0.0
2245,0.0
2246,0.0
2247,76502.66666666667
2248,0.0
2249,0.0
2250,0.0
2251,70882.46666666666
2252,0.0
2253,0.0
2254,0.0
2255,0.0
2256,0.0
2257,0.0
2258,0.0
2259,0.0
2260,68014.4
2261,0.0
2262,0.0
2263,0.0
2264,0.0
2265,0.0
2266,0.0
2267,44066.4
2268,0.0
2269,52793.46666666667
2270,0.0
2271,0.0
2272,0.0
2273,0.0
2274,0.0
2275,0.0
2276,0.0
2277,0.0
2278,0.0
2279,99482.86666666667
2280,0.0
2281,0.0
2282,0.0
2283,0.0
2284,0.0
2285,75981.66666666667
2286,0.0
2287,0.0
2288,0.0
2289,0.0
2290,0.0
2291,0.0
2292,0.0
2293,0.0
2294,0.0
2295,63378.53333333333
2296,0.0
2297,0.0
2298,0.0
2299,0.0
2300,0.0
2301,0.0
2302,0.0
2303,0.0
2304,76923.06666666667
2305,72284.0
2306,0.0
2307,0.0
2308,63335.933333333334
2309,0.0
2310,0.0
2311,0.0
2312,0.0
2313,0.0
2314,0.0
2315,0.0
2316,0.0
2317,0.0
2318,72554.26666666666
2319,0.0
2320,74175.6
2321,0.0
2322,0.0
2323,0.0
2324,0.0
2325,0.0
2326,0.0
2327,0.0
2328,0.0
2329,0.0
2330,33481.6
2331,0.0
2332,0.0
2333,0.0
2334,0.0
2335,0.0
2336,0.0
2337,39602.6
2338,0.0
2339,73072.0
2340,0.0
2341,0.0
2342,0.0
2343,0.0
2344,0.0
2345,0.0
2346,0.0
2347,74862.73333333334
2348,0.0
2349,0.0
2350,70112.13333333333
2351,0.0
2352,0.0
2353,0.0
2354,0.0
2355,0.0
2356,0.0
2357,0.0
2358,0.0
2359,0.0
2360,59542.4
2361,0.0
2362,0.0
2363,0.0
2364,0.0
2365,0.0
2366,0.0
2367,0.0
2368,0.0
2369,0.0
2370,71855.53333333334
2371,0.0
2372,0.0
2373,0.0
2374,0.0
2375,0.0
2376,0.0
2377,38584.333333333336
2378,0.0
2379,0.0
2380,0.0
2381,0.0
2382,0.0
2383,0.0
2384,0.0
2385,0.0
2386,0.0
2387,0.0
2388,0.0
2389,0.0
2390,0.0
2391,0.0
2392,0.0
2393,40341.8
2394,0.0
2395,0.0
2396,36105.4
2397,0.0
2398,0.0
2399,80038.8
2400,41077.933333333334
2401,0.0
2402,0.0
2403,0.0
2404,0.0
2405,0.0
2406,0.0
2407,0.0
2408,49091.666666666664
2409,0.0
2410,0.0
2411,0.0
2412,0.0
2413,0.0
2414,0.0
2415,0.0
2416,71328.2
2417,0.0
2418,0.0
2419,0.0
2420,0.0
2421,0.0
2422,0.0
2423,0.0
2424,0.0
2425,0.0
2426,0.0
2427,0.0
2428,0.0
2429,45554.066666666666
2430,0.0
2431,0.0
2432,49520.53333333333
2433,0.0
2434,0.0
2435,0.0
2436,0.0
2437,0.0
2438,0.0
2439,75442.13333333333
2440,0.0
2441,0.0
2442,62085.933333333334
2443,0.0
2444,0.0
2445,0.0
2446,0.0
2447,0.0
2448,0.0
2449,0.0
2450,0.0
2451,0.0
2452,0.0
2453,0.0
2454,0.0
2455,63991.26666666667
2456,0.0
2457,0.0
2458,0.0
2459,0.0
2460,38120.53333333333
2461,0.0
2462,0.0
2463,0.0
2464,0.0
2465,0.0
2466,0.0
2467,0.0
2468,0.0
2469,0.0
2470,0.0
2471,0.0
2472,0.0
2473,0.0
2474,42838.933333333334
2475,0.0
2476,0.0
2477,0.0
2478,0.0
2479,0.0
2480,0.0
2481,0.0
2482,0.0
2483,0.0
2484,0.0
2485,0.0
2486,0.0
2487,0.0
2488,0.0
2489,0.0
2490,0.0
2491,0.0
2492,0.0
2493,68072.2
2494,0.0
2495,0.0
2496,0.0
2497,0.0
2498,0.0
2499,0.0
2500,0.0
2501,0.0
2502,0.0
2503,0.0
2504,64181.6
2505,59556.933333333334
2506,0.0
2507,0.0
2508,0.0
2509,0.0
2510,45369.666666666664
2511,0.0
2512,0.0
2513,0.0
2514,0.0
2515,0.0
2516,0.0
2517,0.0
2518,0.0
2519,44080.8
2520,0.0
2521,0.0
2522,0.0
2523,0.0
2524,49188.6
2525,0.0
2526,0.0
2527,0.0
2528,0.0
2529,0.0
2530,0.0
2531,0.0
2532,0.0
2533,0.0
2534,0.0
2535,0.0
2536,0.0
2537,0.0
2538,0.0
2539,55473.53333333333
2540,0.0
2541,0.0
2542,0.0
2543,0.0
2544,0.0
2545,0.0
2546,0.0
2547,37583.73333333333
2548,0.0
2549,71263.86666666667
2550,0.0
2551,0.0
2552,0.0
2553,0.0
2554,0.0
2555,0.0
2556,0.0
2557,71454.46666666666
2558,0.0
2559,0.0
2560,53569.53333333333
2561,0.0
2562,0.0
2563,0.0
2564,0.0
2565,0.0
2566,0.0
2567,41273.13333333333
2568,0.0
2569,55146.8
2570,60012.26666666667
2571,0.0
2572,0.0
2573,0.0
2574,0.0
2575,0.0
2576,0.0
2577,81505.0
2578,0.0
2579,0.0
2580,0.0
2581,0.0
2582,0.0
2583,0.0
2584,0.0
2585,0.0
2586,0.0
2587,0.0
2588,84875.73333333334
2589,0.0
2590,66107.0
2591,0.0
2592,0.0
2593,0.0
2594,0.0
2595,0.0
2596,0.0
2597,0.0
2598,0.0
2599,100246.73333333334
2600,47211.2
2601,0.0
2602,0.0
2603,0.0
2604,0.0
2605,0.0
2606,0.0
2607,0.0
2608,0.0
2609,0.0
2610,0.0
2611,0.0
2612,0.0
2613,0.0
2614,0.0
2615,0.0
2616,0.0
2617,0.0
2618,0.0
2619,37453.066666666666
2620,0.0
2621,0.0
2622,94145.8
2623,0.0
2624,0.0
2625,0.0
2626,0.0
2627,0.0
2628,0.0
2629,0.0
2630,0.0
2631,0.0
2632,0.0
2633,0.0
2634,0.0
2635,0.0
2636,0.0
2637,41319.53333333333
2638,0.0
2639,0.0
2640,0.0
2641,0.0
2642,0.0
2643,0.0
2644,94075.93333333333
2645,0.0
2646,0.0
2647,0.0
2648,0.0
2649,49029.333333333336
2650,0.0
2651,0.0
2652,0.0
2653,0.0
2654,0.0
2655,0.0
2656,0.0
2657,0.0
2658,0.0
2659,0.0
2660,0.0
2661,0.0
2662,0.0
2663,0.0
2664,0.0
2665,0.0
2666,35348.73333333333
2667,0.0
2668,61155.73333333333
2669,0.0
2670,0.0
2671,0.0
2672,0.0
2673,0.0
2674,0.0
2675,0.0
2676,0.0
2677,0.0
2678,0.0
2679,0.0
2680,0.0
2681,72430.73333333334
2682,0.0
2683,0.0
2684,0.0
2685,0.0
2686,0.0
2687,0.0
2688,67694.33333333333
2689,84127.66666666667
2690,0.0
2691,61383.2
2692,0.0
2693,0.0
2694,0.0
2695,65059.666666666664
2696,0.0
2697,0.0
2698,0.0
2699,0.0
2700,0.0
2701,0.0
2702,0.0
2703,0.0
2704,82181.53333333334
2705,0.0
2706,0.0
2707,0.0
2708,0.0
2709,0.0
2710,0.0
2711,0.0
2712,0.0
2713,0.0
2714,0.0
2715,0.0
2716,0.0
2717,0.0
2718,0.0
2719,0.0
2720,0.0
2721,0.0
2722,0.0
2723,0.0
2724,0.0
2725,0.0
2726,0.0
2727,72685.06666666667
2728,0.0
2729,0.0
2730,0.0
2731,0.0
2732,0.0
2733,0.0
2734,0.0
2735,0.0
2736,85305.0
2737,78468.0
2738,70312.93333333333
2739,0.0
2740,0.0
2741,47815.6
2742,0.0
2743,79246.4
2744,0.0
2745,0.0
2746,42462.666666666664
2747,0.0
2748,0.0
2749,74123.66666666667
2750,0.0
2751,0.0
2752,0.0
2753,0.0
2754,0.0
2755,0.0
2756,0.0
2757,41059.53333333333
2758,0.0
2759,0.0
2760,0.0
2761,0.0
2762,0.0
2763,68716.86666666667
2764,0.0
2765,41279.666666666664
2766,0.0
2767,68848.4
2768,0.0
2769,0.0
2770,0.0
2771,0.0
2772,0.0
2773,67265.2
2774,0.0
2775,0.0
2776,68856.33333333333
2777,0.0
2778,0.0
2779,0.0
2780,0.0
2781,0.0
2782,0.0
2783,0.0
2784,0.0
2785,0.0
2786,39714.13333333333
2787,0.0
2788,0.0
2789,0.0
2790,47902.666666666664
2791,0.0
2792,0.0
2793,0.0
2794,0.0
2795,0.0
2796,0.0
2797,0.0
2798,0.0
2799,0.0
2800,60589.13333333333
2801,0.0
2802,39285.53333333333
2803,101625.8
2804,0.0
2805,0.0
2806,43281.8
2807,0.0
2808,68395.66666666667
2809,0.0
2810,0.0
2811,0.0
2812,0.0
2813,0.0
2814,0.0
2815,0.0
2816,0.0
2817,0.0
2818,0.0
2819,122021.4
2820,0.0
2821,74834.46666666666
2822,0.0
2823,0.0
2824,0.0
2825,0.0
2826,0.0
2827,0.0
2828,46366.73333333333
2829,0.0
2830,0.0
2831,0.0
2832,0.0
2833,0.0
2834,0.0
2835,0.0
2836,0.0
2837,0.0
2838,0.0
2839,0.0
2840,39122.13333333333
2841,0.0
2842,0.0
2843,0.0
2844,0.0
2845,0.0
2846,83934.93333333333
2847,0.0
2848,68777.8
2849,0.0
2850,0.0
2851,0.0
2852,0.0
2853,0.0
2854,0.0
2855,0.0
2856,53929.53333333333
2857,0.0
2858,64558.46666666667
2859,0.0
2860,0.0
2861,0.0
2862,0.0
2863,0.0
2864,0.0
2865,0.0
2866,0.0
2867,0.0
2868,0.0
2869,0.0
2870,0.0
2871,0.0
2872,0.0
2873,0.0
2874,0.0
2875,0.0
2876,0.0
2877,0.0
2878,0.0
2879,0.0
2880,0.0
2881,0.0
2882,0.0
2883,0.0
2884,0.0
2885,0.0
2886,0.0
2887,0.0
2888,53265.26666666667
2889,0.0
2890,0.0
2891,0.0
2892,0.0
2893,0.0
2894,0.0
2895,0.0
2896,0.0
2897,0.0
2898,0.0
2899,0.0
2900,0.0
2901,0.0
2902,0.0
2903,73887.2
2904,0.0
2905,0.0
2906,0.0
2907,0.0
2908,0.0
2909,0.0
2910,0.0
2911,0.0
2912,0.0
2913,60942.2
2914,0.0
2915,0.0
2916,0.0
2917,64792.333333333336
2918,0.0
2919,0.0
2920,0.0
2921,0.0
2922,0.0
2923,0.0
2924,0.0
2925,0.0
2926,33748.066666666666
2927,0.0
2928,0.0
2929,0.0
2930,0.0
2931,0.0
2932,0.0
2933,0.0
2934,0.0
2935,63640.13333333333
2936,0.0
2937,63787.53333333333
2938,0.0
2939,0.0
2940,0.0
2941,0.0
2942,0.0
2943,61398.73333333333
2944,0.0
2945,0.0
2946,0.0
2947,0.0
2948,0.0
2949,0.0
2950,0.0
2951,0.0
2952,0.0
2953,0.0
2954,0.0
2955,0.0
2956,0.0
2957,0.0
2958,0.0
2959,0.0
2960,0.0
2961,0.0
2962,0.0
2963,0.0
2964,96607.0
2965,0.0
2966,0.0
2967,0.0
2968,0.0
2969,0.0
2970,0.0
2971,0.0
2972,0.0
2973,0.0
2974,0.0
2975,69421.2
2976,0.0
2977,0.0
2978,34670.26666666667
2979,0.0
2980,0.0
2981,0.0
2982,42639.13333333333
2983,0.0
2984,0.0
2985,0.0
2986,0.0
2987,0.0
2988,0.0
2989,0.0
2990,0.0
2991,0.0
2992,0.0
2993,0.0
2994,0.0
2995,0.0
2996,84677.0
2997,0.0
2998,0.0
2999,0.0
3000,0.0
3001,0.0
3002,0.0
3003,0.0
3004,41730.8
3005,0.0
3006,0.0
3007,0.0
3008,71872.8
3009,0.0
3010,0.0
3011,46301.73333333333
3012,0.0
3013,0.0
3014,0.0
3015,0.0
3016,0.0
3017,0.0
3018,0.0
3019,0.0
3020,0.0
3021,0.0
3022,0.0
3023,0.0
3024,47859.53333333333
3025,0.0
3026,0.0
3027,0.0
3028,0.0
3029,0.0
3030,0.0
3031,0.0
3032,0.0
3033,0.0
3034,47569.53333333333
3035,0.0
3036,43225.26666666667
3037,0.0
3038,0.0
3039,0.0
3040,0.0
3041,0.0
3042,0.0
3043,0.0
3044,0.0
3045,0.0
3046,0.0
3047,0.0
3048,0.0
3049,0.0
3050,0.0
3051,0.0
3052,0.0
3053,0.0
3054,0.0
3055,0.0
3056,0.0
3057,0.0
3058,0.0
3059,0.0
3060,64145.2
3061,0.0
3062,0.0
3063,0.0
3064,0.0
3065,0.0
3066,40139.333333333336
3067,0.0
3068,62331.8
3069,0.0
3070,0.0
3071,0.0
3072,0.0
3073,0.0
3074,0.0
3075,0.0
3076,0.0
3077,0.0
3078,0.0
3079,47940.8
3080,0.0
3081,0.0
3082,0.0
3083,63403.73333333333
3084,0.0
3085,0.0
3086,0.0
3087,0.0
3088,0.0
3089,0.0
3090,0.0
3091,0.0
3092,0.0
3093,0.0
3094,0.0
3095,0.0
3096,0.0
3097,0.0
3098,0.0
3099,0.0
3100,0.0
3101,0.0
3102,0.0
3103,0.0
3104,0.0
3105,0.0
3106,0.0
3107,0.0
3108,65424.86666666667
3109,0.0
3110,0.0
3111,0.0
3112,41776.46666666667
3113,0.0
3114,62023.4
3115,0.0
3116,0.0
3117,0.0
3118,77067.13333333333
3119,0.0
3120,0.0
3121,0.0
3122,37453.066666666666
3123,0.0
3124,0.0
3125,0.0
3126,0.0
3127,0.0
3128,0.0
3129,51543.933333333334
3130,0.0
3131,0.0
3132,0.0
3133,0.0
3134,0.0
3135,76152.53333333334
3136,60901.73333333333
3137,0.0
3138,0.0
3139,0.0
3140,70226.33333333333
3141,0.0
3142,0.0
3143,0.0
3144,0.0
3145,0.0
3146,0.0
3147,0.0
3148,0.0
3149,0.0
3150,0.0
3151,0.0
3152,0.0
3153,0.0
3154,0.0
3155,64698.13333333333
3156,0.0
3157,0.0
3158,0.0
3159,69744.0
3160,0.0
3161,0.0
3162,0.0
3163,0.0
3164,0.0
3165,69732.33333333333
3166,0.0
3167,0.0
3168,0.0
3169,0.0
3170,0.0
3171,0.0
3172,0.0
3173,0.0
3174,0.0
3175,0.0
3176,0.0
3177,0.0
3178,0.0
3179,0.0
3180,0.0
3181,0.0
3182,0.0
3183,0.0
3184,37360.0
3185,0.0
3186,37710.066666666666
3187,69496.66666666667
3188,0.0
3189,0.0
3190,0.0
3191,0.0
3192,0.0
3193,0.0
3194,0.0
3195,0.0
3196,0.0
3197,0.0
3198,0.0
3199,0.0
3200,0.0
3201,65616.93333333333
3202,0.0
3203,0.0
3204,0.0
3205,0.0
3206,0.0
3207,0.0
3208,52856.13333333333
3209,0.0
3210,0.0
3211,0.0
3212,0.0
3213,58207.933333333334
3214,0.0
3215,0.0
3216,0.0
3217,0.0
3218,0.0
3219,0.0
3220,0.0
3221,0.0
3222,69375.6
3223,0.0
3224,0.0
3225,0.0
3226,0.0
3227,0.0
3228,0.0
3229,0.0
3230,0.0
3231,0.0
3232,0.0
3233,0.0
3234,0.0
3235,0.0
3236,0.0
3237,0.0
3238,0.0
3239,101069.26666666666
3240,0.0
3241,0.0
3242,0.0
3243,0.0
3244,0.0
3245,0.0
3246,0.0
3247,0.0
3248,0.0
3249,0.0
3250,0.0
3251,0.0
3252,0.0
3253,0.0
3254,0.0
3255,0.0
3256,0.0
3257,0.0
3258,0.0
3259,0.0
3260,0.0
3261,57544.333333333336
3262,0.0
3263,0.0
3264,0.0
3265,0.0
3266,0.0
3267,0.0
3268,0.0
3269,0.0
3270,0.0
3271,0.0
3272,0.0
3273,0.0
3274,0.0
3275,0.0
3276,0.0
3277,0.0
3278,0.0
3279,0.0
3280,0.0
3281,0.0
3282,0.0
3283,0.0
3284,0.0
3285,67718.53333333334
3286,0.0
3287,0.0
3288,0.0
3289,84575.0
3290,0.0
3291,0.0
3292,0.0
3293,0.0
3294,0.0
3295,0.0
3296,0.0
3297,0.0
3298,0.0
3299,0.0
3300,60519.4
3301,0.0
3302,0.0
3303,0.0
3304,0.0
3305,0.0
3306,0.0
3307,0.0
3308,0.0
3309,0.0
3310,0.0
3311,0.0
3312,0.0
3313,0.0
3314,0.0
3315,0.0
3316,0.0
3317,0.0
3318,0.0
3319,0.0
3320,0.0
3321,0.0
3322,72463.46666666666
3323,0.0
3324,0.0
3325,0.0
3326,0.0
3327,0.0
3328,38341.066666666666
3329,0.0
3330,0.0
3331,0.0
3332,0.0
3333,0.0
3334,58799.933333333334
3335,0.0
3336,0.0
3337,38619.13333333333
3338,0.0
3339,0.0
3340,0.0
3341,0.0
3342,0.0
3343,83653.6
3344,51045.8
3345,0.0
3346,0.0
3347,0.0
3348,0.0
3349,0.0
3350,0.0
3351,0.0
3352,0.0
3353,0.0
3354,0.0
3355,0.0
3356,0.0
3357,0.0
3358,0.0
3359,0.0
3360,0.0
3361,0.0
3362,0.0
3363,0.0
3364,0.0
3365,0.0
3366,0.0
3367,0.0
3368,80780.46666666666
3369,61893.46666666667
3370,0.0
3371,0.0
3372,0.0
3373,0.0
3374,0.0
3375,0.0
3376,0.0
3377,0.0
3378,0.0
3379,0.0
3380,0.0
3381,0.0
3382,0.0
3383,55689.333333333336
3384,0.0
3385,0.0
3386,0.0
3387,0.0
3388,0.0
3389,0.0
3390,0.0
3391,0.0
3392,0.0
3393,0.0
3394,0.0
3395,0.0
3396,0.0
3397,0.0
3398,0.0
3399,0.0
3400,0.0
3401,0.0
3402,0.0
3403,0.0
3404,0.0
3405,0.0
3406,0.0
3407,0.0
3408,0.0
3409,0.0
3410,70955.66666666667
3411,0.0
3412,79365.6
3413,0.0
3414,0.0
3415,0.0
3416,0.0
3417,0.0
3418,0.0
3419,0.0
3420,79630.53333333334
3421,0.0
3422,0.0
3423,68238.26666666666
3424,0.0
3425,0.0
3426,0.0
3427,0.0
3428,0.0
3429,98558.73333333334
3430,0.0
3431,62848.46666666667
3432,0.0
3433,0.0
3434,0.0
3435,0.0
3436,0.0
3437,0.0
3438,0.0
3439,71045.93333333333
3440,39603.46666666667
3441,0.0
3442,0.0
3443,0.0
3444,92730.8
3445,0.0
3446,0.0
3447,0.0
3448,62973.13333333333
3449,0.0
3450,0.0
3451,0.0
3452,0.0
3453,73061.73333333334
3454,0.0
3455,0.0
3456,0.0
3457,0.0
3458,0.0
3459,0.0
3460,0.0
3461,62187.53333333333
3462,0.0
3463,0.0
3464,0.0
3465,0.0
3466,0.0
3467,0.0
3468,0.0
3469,41597.066666666666
3470,0.0
3471,0.0
3472,0.0
3473,0.0
3474,0.0
3475,0.0
3476,0.0
3477,0.0
3478,84617.06666666667
3479,0.0
3480,0.0
3481,0.0
3482,0.0
3483,0.0
3484,0.0
3485,0.0
3486,0.0
3487,0.0
3488,0.0
3489,0.0
3490,0.0
3491,0.0
3492,0.0
3493,0.0
3494,0.0
3495,0.0
3496,0.0
3497,0.0
3498,0.0
3499,0.0
3500,0.0
3501,0.0
3502,37489.2
3503,79630.53333333334
3504,0.0
3505,0.0
3506,0.0
3507,0.0
3508,0.0
3509,0.0
3510,0.0
3511,0.0
3512,0.0
3513,61383.2
3514,93152.53333333334
3515,38703.13333333333
3516,0.0
3517,0.0
3518,0.0
3519,0.0
3520,0.0
3521,0.0
3522,0.0
3523,0.0
3524,0.0
3525,0.0
3526,0.0
3527,0.0
3528,0.0
3529,0.0
3530,48603.8
3531,0.0
3532,0.0
3533,0.0
3534,0.0
3535,0.0
3536,0.0
3537,0.0
3538,0.0
3539,0.0
3540,38320.26666666667
3541,0.0
3542,0.0
3543,0.0
3544,0.0
3545,0.0
3546,0.0
3547,0.0
3548,0.0
3549,0.0
3550,0.0
3551,0.0
3552,60151.13333333333
3553,0.0
3554,0.0
3555,0.0
3556,0.0
3557,0.0
3558,0.0
3559,67632.66666666667
3560,51912.666666666664
3561,73061.73333333334
3562,0.0
3563,0.0
3564,0.0
3565,0.0
3566,0.0
3567,0.0
3568,0.0
3569,0.0
3570,0.0
3571,0.0
3572,0.0
3573,0.0
3574,0.0
3575,41606.6
3576,91226.93333333333
3577,0.0
3578,0.0
3579,0.0
3580,0.0
3581,0.0
3582,0.0
3583,0.0
3584,0.0
3585,0.0
3586,64120.73333333333
3587,0.0
3588,0.0
3589,0.0
3590,70264.73333333334
3591,0.0
3592,0.0
3593,0.0
3594,0.0
3595,0.0
3596,0.0
3597,0.0
3598,71537.8
3599,0.0
3600,0.0
3601,0.0
3602,0.0
3603,0.0
3604,64811.4
3605,0.0
3606,0.0
3607,0.0
3608,0.0
3609,0.0
3610,0.0
3611,0.0
3612,0.0
3613,0.0
3614,0.0
3615,94651.06666666667
3616,0.0
3617,0.0
3618,0.0
3619,0.0
3620,0.0
3621,0.0
3622,0.0
3623,0.0
3624,0.0
3625,91588.86666666667
3626,0.0
3627,63902.066666666666
3628,0.0
3629,56273.066666666666
3630,47192.13333333333
3631,51218.0
3632,42486.8
3633,0.0
3634,0.0
3635,0.0
3636,0.0
3637,43235.333333333336
3638,0.0
3639,40604.933333333334
3640,0.0
3641,0.0
3642,0.0
3643,85586.06666666667
3644,0.0
3645,0.0
3646,0.0
3647,0.0
3648,0.0
3649,0.0
3650,0.0
3651,85916.86666666667
3652,0.0
3653,43394.73333333333
3654,43719.4
3655,0.0
3656,61893.46666666667
3657,0.0
3658,0.0
3659,0.0
3660,0.0
3661,0.0
3662,0.0
3663,0.0
3664,42125.666666666664
3665,65064.53333333333
3666,0.0
3667,0.0
3668,0.0
3669,0.0
3670,0.0
3671,62898.86666666667
3672,0.0
3673,0.0
3674,0.0
3675,0.0
3676,0.0
3677,0.0
3678,0.0
3679,0.0
3680,0.0
3681,0.0
3682,0.0
3683,0.0
3684,0.0
3685,0.0
3686,0.0
3687,34982.0
3688,0.0
3689,0.0
3690,0.0
3691,38335.333333333336
3692,0.0
3693,40462.46666666667
3694,0.0
3695,0.0
3696,0.0
3697,0.0
3698,0.0
3699,0.0
3700,0.0
3701,0.0
3702,0.0
3703,0.0
3704,0.0
3705,0.0
3706,0.0
3707,0.0
3708,0.0
3709,0.0
3710,0.0
3711,0.0
3712,0.0
3713,0.0
3714,0.0
3715,0.0
3716,0.0
3717,0.0
3718,0.0
3719,0.0
3720,0.0
3721,0.0
3722,0.0
3723,0.0
3724,0.0
3725,0.0
3726,0.0
3727,0.0
3728,0.0
3729,0.0
3730,0.0
3731,69502.73333333334
3732,0.0
3733,71778.2
3734,0.0
3735,0.0
3736,0.0
3737,0.0
3738,0.0
3739,0.0
3740,0.0
3741,0.0
3742,0.0
3743,0.0
3744,40397.333333333336
3745,40378.666666666664
3746,0.0
3747,0.0
3748,0.0
3749,0.0
3750,0.0
3751,62094.0
3752,0.0
3753,0.0
3754,0.0
3755,60165.86666666667
3756,0.0
3757,0.0
3758,0.0
3759,0.0
3760,0.0
3761,0.0
3762,0.0
3763,0.0
3764,0.0
3765,62907.13333333333
3766,0.0
3767,0.0
3768,38456.4
3769,41787.8
3770,0.0
3771,0.0
3772,37105.333333333336
3773,0.0
3774,0.0
3775,0.0
3776,92823.0
3777,0.0
3778,88219.53333333334
3779,48004.46666666667
3780,0.0
3781,79025.0
3782,61292.333333333336
3783,0.0
3784,0.0
3785,0.0
3786,0.0
3787,0.0
3788,94585.06666666667
3789,57821.73333333333
3790,0.0
3791,0.0
3792,0.0
3793,0.0
3794,0.0
3795,0.0
3796,0.0
3797,0.0
3798,0.0
3799,0.0
3800,0.0
3801,0.0
3802,78440.13333333333
3803,0.0
3804,39331.8
3805,0.0
3806,0.0
3807,0.0
3808,0.0
3809,0.0
3810,0.0
3811,0.0
3812,0.0
3813,0.0
3814,56000.73333333333
3815,0.0
3816,52308.666666666664
3817,63419.53333333333
3818,0.0
3819,0.0
3820,0.0
3821,0.0
3822,0.0
3823,0.0
3824,0.0
3825,53645.933333333334
3826,0.0
3827,57425.26666666667
3828,0.0
3829,0.0
3830,0.0
3831,0.0
3832,0.0
3833,0.0
3834,0.0
3835,0.0
3836,0.0
3837,0.0
3838,0.0
3839,0.0
3840,0.0
3841,0.0
3842,0.0
3843,40964.13333333333
3844,0.0
3845,70567.93333333333
3846,0.0
3847,0.0
3848,0.0
3849,0.0
3850,87738.33333333333
3851,0.0
3852,0.0
3853,0.0
3854,0.0
3855,0.0
3856,0.0
3857,0.0
3858,0.0
3859,0.0
3860,0.0
3861,0.0
3862,0.0
3863,0.0
3864,0.0
3865,0.0
3866,0.0
3867,0.0
3868,63982.066666666666
3869,0.0
3870,0.0
3871,0.0
3872,0.0
3873,0.0
3874,64595.066666666666
3875,0.0
3876,0.0
3877,0.0
3878,0.0
3879,0.0
3880,66610.46666666666
3881,61150.86666666667
3882,0.0
3883,0.0
3884,41932.26666666667
3885,0.0
3886,0.0
3887,0.0
3888,0.0
3889,0.0
3890,0.0
3891,0.0
3892,0.0
3893,39839.066666666666
3894,0.0
3895,0.0
3896,0.0
3897,0.0
3898,0.0
3899,0.0
3900,0.0
3901,0.0
3902,0.0
3903,0.0
3904,0.0
3905,80945.86666666667
3906,0.0
3907,0.0
3908,0.0
3909,0.0
3910,0.0
3911,48395.0
3912,0.0
3913,0.0
3914,0.0
3915,0.0
3916,0.0
3917,0.0
3918,0.0
3919,0.0
3920,0.0
3921,0.0
3922,0.0
3923,0.0
3924,0.0
3925,0.0
3926,0.0
3927,0.0
3928,0.0
3929,0.0
3930,0.0
3931,0.0
3932,85099.06666666667
3933,0.0
3934,0.0
3935,0.0
3936,0.0
3937,0.0
3938,0.0
3939,0.0
3940,0.0
3941,0.0
3942,0.0
3943,0.0
3944,0.0
3945,0.0
3946,0.0
3947,0.0
3948,0.0
3949,0.0
3950,0.0
3951,40568.666666666664
3952,0.0
3953,0.0
3954,0.0
3955,46878.6
3956,0.0
3957,0.0
3958,0.0
3959,65534.333333333336
3960,0.0
3961,0.0
3962,0.0
3963,0.0
3964,0.0
3965,102275.66666666667
3966,0.0
3967,0.0
3968,0.0
3969,66489.26666666666
3970,0.0
3971,0.0
3972,56590.53333333333
3973,0.0
3974,0.0
3975,118559.26666666666
3976,34538.066666666666
3977,0.0
3978,0.0
3979,0.0
3980,0.0
3981,0.0
3982,0.0
3983,0.0
3984,0.0
3985,0.0
3986,0.0
3987,0.0
3988,0.0
3989,0.0
3990,0.0
3991,40581.666666666664
3992,0.0
3993,0.0
3994,0.0
3995,36297.53333333333
3996,0.0
3997,0.0
3998,0.0
3999,69820.86666666667
4000,0.0
4001,0.0
4002,0.0
4003,0.0
4004,0.0
4005,0.0
4006,0.0
4007,0.0
4008,0.0
4009,0.0
4010,0.0
4011,0.0
4012,72589.33333333333
4013,0.0
4014,0.0
4015,0.0
4016,0.0
4017,0.0
4018,0.0
4019,0.0
4020,0.0
4021,0.0
4022,0.0
4023,0.0
4024,0.0
4025,0.0
4026,0.0
4027,0.0
4028,0.0
4029,78546.73333333334
4030,0.0
4031,57532.4
4032,0.0
4033,0.0
4034,0.0
4035,0.0
4036,0.0
4037,40978.53333333333
4038,78468.0
4039,0.0
4040,47000.8
4041,0.0
4042,42340.8
4043,0.0
4044,0.0
4045,0.0
4046,0.0
4047,0.0
4048,62847.666666666664
4049,0.0
4050,49322.73333333333
4051,0.0
4052,47460.13333333333
4053,0.0
4054,0.0
4055,46980.53333333333
4056,0.0
4057,0.0
4058,0.0
4059,0.0
4060,0.0
4061,0.0
4062,0.0
4063,0.0
4064,0.0
4065,0.0
4066,0.0
4067,0.0
4068,0.0
4069,0.0
4070,35632.46666666667
4071,0.0
4072,0.0
4073,0.0
4074,0.0
4075,0.0
4076,59523.666666666664
4077,35577.333333333336
4078,0.0
4079,58790.4
4080,0.0
4081,0.0
4082,0.0
4083,0.0
4084,0.0
4085,0.0
4086,0.0
4087,0.0
4088,0.0
4089,0.0
4090,0.0
4091,0.0
4092,0.0
4093,0.0
4094,0.0
4095,0.0
4096,0.0
4097,36033.46666666667
4098,0.0
4099,0.0
4100,0.0
4101,0.0
4102,73497.86666666667
4103,0.0
4104,0.0
4105,0.0
4106,0.0
4107,0.0
4108,0.0
4109,0.0
4110,0.0
4111,0.0
4112,0.0
4113,0.0
4114,43854.333333333336
4115,0.0
4116,0.0
4117,0.0
4118,0.0
4119,0.0
4120,0.0
4121,0.0
4122,0.0
4123,0.0
4124,0.0
4125,0.0
4126,0.0
4127,0.0
4128,0.0
4129,70897.4
4130,55000.333333333336
4131,0.0
4132,0.0
4133,0.0
4134,0.0
4135,63026.0
4136,0.0
4137,0.0
4138,0.0
4139,0.0
4140,0.0
4141,0.0
4142,0.0
4143,0.0
4144,0.0
4145,0.0
4146,0.0
4147,0.0
4148,0.0
4149,0.0
4150,0.0
4151,0.0
4152,0.0
4153,0.0
4154,0.0
4155,85313.2
4156,0.0
4157,0.0
4158,0.0
4159,0.0
4160,43774.8
4161,0.0
4162,78075.06666666667
4163,0.0
4164,0.0
4165,0.0
4166,0.0
4167,0.0
4168,0.0
4169,0.0
4170,0.0
4171,0.0
4172,0.0
4173,0.0
4174,41591.6
4175,0.0
4176,0.0
4177,0.0
4178,0.0
4179,68816.33333333333
4180,70372.53333333334
4181,0.0
4182,0.0
4183,0.0
4184,0.0
4185,0.0
4186,0.0
4187,0.0
4188,0.0
4189,56694.0
4190,0.0
4191,0.0
4192,0.0
4193,0.0
4194,0.0
4195,0.0
4196,0.0
4197,0.0
4198,41062.53333333333
4199,0.0
4200,0.0
4201,0.0
4202,0.0
4203,0.0
4204,0.0
4205,0.0
4206,0.0
4207,0.0
4208,79778.86666666667
4209,0.0
4210,81411.6
4211,0.0
4212,0.0
4213,65630.26666666666
4214,0.0
4215,0.0
4216,0.0
4217,0.0
4218,0.0
4219,42462.666666666664
4220,0.0
4221,0.0
4222,0.0
4223,0.0
4224,0.0
4225,0.0
4226,0.0
4227,0.0
4228,0.0
4229,0.0
4230,37143.333333333336
4231,77644.93333333333
4232,0.0
4233,0.0
4234,0.0
4235,0.0
4236,0.0
4237,0.0
4238,0.0
4239,0.0
4240,0.0
4241,0.0
4242,0.0
4243,0.0
4244,0.0
4245,0.0
4246,0.0
4247,0.0
4248,0.0
4249,0.0
4250,0.0
4251,0.0
4252,0.0
4253,0.0
4254,0.0
4255,0.0
4256,0.0
4257,41720.26666666667
4258,0.0
4259,0.0
4260,51517.86666666667
4261,0.0
4262,0.0
4263,0.0
4264,0.0
4265,0.0
4266,0.0
4267,0.0
4268,0.0
4269,0.0
4270,0.0
4271,56761.86666666667
4272,0.0
4273,0.0
4274,0.0
4275,0.0
4276,57962.13333333333
4277,0.0
4278,0.0
4279,0.0
4280,0.0
4281,0.0
4282,0.0
4283,0.0
4284,0.0
4285,0.0
4286,0.0
4287,0.0
4288,0.0
4289,0.0
4290,0.0
4291,0.0
4292,0.0
4293,0.0
4294,0.0
4295,0.0
4296,0.0
4297,0.0
4298,35522.933333333334
4299,0.0
4300,0.0
4301,51150.066666666666
4302,37564.2
4303,0.0
4304,44569.4
4305,0.0
4306,0.0
4307,0.0
4308,0.0
4309,0.0
4310,0.0
4311,0.0
4312,83247.0
4313,63945.0
4314,0.0
4315,0.0
4316,0.0
4317,0.0
4318,0.0
4319,70657.33333333333
4320,0.0
4321,0.0
4322,0.0
4323,0.0
4324,40973.13333333333
4325,43882.933333333334
4326,0.0
4327,0.0
4328,0.0
4329,0.0
4330,61491.6
4331,0.0
4332,0.0
4333,84417.53333333334
4334,0.0
4335,0.0
4336,0.0
4337,43460.26666666667
4338,0.0
4339,0.0
4340,0.0
4341,0.0
4342,0.0
4343,0.0
4344,66805.0
4345,0.0
4346,0.0
4347,0.0
4348,0.0
4349,0.0
4350,0.0
4351,38583.26666666667
4352,0.0
4353,0.0
4354,0.0
4355,0.0
4356,0.0
4357,0.0
4358,0.0
4359,0.0
4360,0.0
4361,0.0
4362,0.0
4363,0.0
4364,0.0
4365,0.0
4366,0.0
4367,0.0
4368,0.0
4369,0.0
4370,0.0
4371,82312.46666666666
4372,0.0
4373,0.0
4374,0.0
4375,0.0
4376,0.0
4377,0.0
4378,0.0
4379,0.0
4380,0.0
4381,0.0
4382,71031.26666666666
4383,0.0
4384,0.0
4385,0.0
4386,0.0
4387,0.0
4388,0.0
4389,0.0
4390,0.0
4391,0.0
4392,0.0
4393,0.0
4394,0.0
4395,0.0
4396,0.0
4397,0.0
4398,0.0
4399,0.0
4400,66752.6
4401,61594.666666666664
4402,0.0
4403,0.0
4404,0.0
4405,0.0
4406,0.0
4407,0.0
4408,0.0
4409,37835.4
4410,0.0
4411,0.0
4412,89414.73333333334
4413,0.0
4414,0.0
4415,0.0
4416,0.0
4417,0.0
4418,0.0
4419,0.0
4420,0.0
4421,52699.933333333334
4422,0.0
4423,0.0
4424,0.0
4425,0.0
4426,0.0
4427,0.0
4428,0.0
4429,0.0
4430,0.0
4431,0.0
4432,0.0
4433,0.0
4434,0.0
4435,0.0
4436,0.0
4437,0.0
4438,0.0
4439,0.0
4440,0.0
4441,0.0
4442,0.0
4443,0.0
4444,0.0
4445,0.0
4446,0.0
4447,0.0
4448,0.0
4449,0.0
4450,0.0
4451,0.0
4452,0.0
4453,0.0
4454,0.0
4455,0.0
4456,0.0
4457,0.0
4458,100097.53333333334
4459,0.0
4460,0.0
4461,0.0
4462,0.0
4463,0.0
4464,0.0
4465,0.0
4466,0.0
4467,0.0
4468,61139.46666666667
4469,0.0
4470,0.0
4471,65071.46666666667
4472,0.0
4473,0.0
4474,0.0
4475,0.0
4476,0.0
4477,0.0
4478,0.0
4479,0.0
4480,0.0
4481,0.0
4482,0.0
4483,0.0
4484,95153.66666666667
4485,0.0
4486,0.0
4487,0.0
4488,0.0
4489,0.0
4490,0.0
4491,0.0
4492,0.0
4493,0.0
4494,0.0
4495,0.0
4496,0.0
4497,0.0
4498,41630.0
4499,0.0
4500,45887.73333333333
4501,0.0
4502,0.0
4503,0.0
4504,0.0
4505,0.0
4506,0.0
4507,0.0
4508,0.0
4509,68650.8
4510,0.0
4511,0.0
4512,0.0
4513,0.0
4514,0.0
4515,70312.26666666666
4516,0.0
4517,0.0
4518,0.0
4519,0.0
4520,0.0
4521,0.0
4522,0.0
4523,89634.8
4524,0.0
4525,0.0
4526,0.0
4527,0.0
4528,0.0
4529,0.0
4530,37700.6
4531,0.0
4532,0.0
4533,0.0
4534,38762.8
4535,0.0
4536,0.0
4537,0.0
4538,0.0
4539,0.0
4540,0.0
4541,0.0
4542,0.0
4543,0.0
4544,0.0
4545,0.0
4546,0.0
4547,0.0
4548,0.0
4549,0.0
4550,0.0
4551,0.0
4552,0.0
4553,0.0
4554,72484.06666666667
4555,79946.13333333333
4556,0.0
4557,34912.4
4558,0.0
4559,0.0
4560,0.0
4561,0.0
4562,0.0
4563,0.0
4564,0.0
4565,0.0
4566,0.0
4567,0.0
4568,0.0
4569,85916.86666666667
4570,0.0
4571,0.0
4572,0.0
4573,0.0
4574,0.0
4575,0.0
4576,0.0
4577,0.0
4578,0.0
4579,0.0
4580,0.0
4581,0.0
4582,0.0
4583,0.0
4584,41139.4
4585,45532.666666666664
4586,0.0
4587,0.0
4588,0.0
4589,121716.86666666667
4590,0.0
4591,0.0
4592,83298.0
4593,0.0
4594,0.0
4595,59981.0
4596,0.0
4597,0.0
4598,0.0
4599,0.0
4600,0.0
4601,0.0
4602,0.0
4603,0.0
4604,0.0
4605,0.0
4606,0.0
4607,0.0
4608,0.0
4609,0.0
4610,0.0
4611,0.0
4612,0.0
4613,42009.26666666667
4614,36195.53333333333
4615,0.0
4616,0.0
4617,0.0
4618,0.0
4619,0.0
4620,0.0
4621,0.0
4622,39884.6
4623,0.0
4624,0.0
4625,0.0
4626,0.0
4627,0.0
4628,0.0
4629,0.0
4630,0.0
4631,0.0
4632,0.0
4633,0.0
4634,0.0
4635,0.0
4636,0.0
4637,0.0
4638,0.0
4639,0.0
4640,0.0
4641,0.0
4642,0.0
4643,0.0
4644,0.0
4645,0.0
4646,0.0
4647,0.0
4648,0.0
4649,41563.8
4650,46943.53333333333
4651,0.0
4652,0.0
4653,61191.666666666664
4654,0.0
4655,0.0
4656,0.0
4657,46440.0
4658,0.0
4659,0.0
4660,0.0
4661,0.0
4662,0.0
4663,0.0
4664,38551.066666666666
4665,0.0
4666,0.0
4667,0.0
4668,0.0
4669,0.0
4670,0.0
4671,0.0
4672,0.0
4673,72324.2
4674,0.0
4675,46116.86666666667
4676,57127.73333333333
4677,39017.2
4678,0.0
4679,0.0
4680,0.0
4681,0.0
4682,0.0
4683,0.0
4684,0.0
4685,42630.066666666666
4686,0.0
4687,79008.4
4688,0.0
4689,0.0
4690,0.0
4691,0.0
4692,0.0
4693,0.0
4694,37807.666666666664
4695,0.0
4696,0.0
4697,0.0
4698,0.0
4699,0.0
4700,41212.933333333334
4701,0.0
4702,0.0
4703,0.0
4704,0.0
4705,48313.933333333334
4706,0.0
4707,0.0
4708,0.0
4709,0.0
4710,0.0
4711,0.0
4712,0.0
4713,0.0
4714,0.0
4715,0.0
4716,0.0
4717,0.0
4718,0.0
4719,0.0
4720,0.0
4721,0.0
4722,0.0
4723,0.0
4724,0.0
4725,0.0
4726,0.0
4727,0.0
4728,0.0
4729,39751.066666666666
4730,0.0
4731,0.0
4732,0.0
4733,0.0
4734,0.0
4735,0.0
4736,0.0
4737,0.0
4738,0.0
4739,0.0
4740,0.0
4741,0.0
4742,0.0
4743,0.0
4744,0.0
4745,0.0
4746,0.0
4747,45630.13333333333
4748,94636.2
4749,0.0
4750,0.0
4751,0.0
4752,0.0
4753,0.0
4754,0.0
4755,0.0
4756,0.0
4757,69698.0
4758,0.0
4759,0.0
4760,0.0
4761,0.0
4762,0.0
4763,0.0
4764,0.0
4765,0.0
4766,0.0
4767,0.0
4768,0.0
4769,0.0
4770,0.0
4771,0.0
4772,0.0
4773,0.0
4774,0.0
4775,88006.46666666666
4776,0.0
4777,0.0
4778,0.0
4779,90795.53333333334
4780,0.0
4781,0.0
4782,0.0
4783,0.0
4784,0.0
4785,0.0
4786,0.0
4787,37731.73333333333
4788,0.0
4789,0.0
4790,0.0
4791,0.0
4792,0.0
4793,0.0
4794,0.0
4795,0.0
4796,94594.53333333334
4797,0.0
4798,0.0
4799,43002.13333333333
4800,0.0
4801,42456.2
4802,0.0
4803,0.0
4804,0.0
4805,0.0
4806,0.0
4807,75840.33333333333
4808,0.0
4809,0.0
4810,0.0
4811,73072.0
4812,0.0
4813,0.0
4814,0.0
4815,0.0
4816,0.0
4817,0.0
4818,0.0
4819,0.0
4820,0.0
4821,61150.86666666667
4822,0.0
4823,0.0
4824,38515.46666666667
4825,0.0
4826,0.0
4827,0.0
4828,66253.53333333334
4829,0.0
4830,0.0
4831,0.0
4832,0.0
4833,90107.46666666666
4834,0.0
4835,0.0
4836,0.0
4837,0.0
4838,0.0
4839,79282.2
4840,0.0
4841,90487.2
4842,0.0
4843,0.0
4844,91982.66666666667
4845,39628.0
4846,0.0
4847,0.0
4848,0.0
4849,0.0
4850,0.0
4851,0.0
4852,0.0
4853,0.0
4854,0.0
4855,0.0
4856,0.0
4857,0.0
4858,0.0
4859,0.0
4860,0.0
4861,0.0
4862,0.0
4863,0.0
4864,0.0
4865,0.0
4866,0.0
4867,0.0
4868,50394.26666666667
4869,0.0
4870,0.0
4871,0.0
4872,0.0
4873,62157.13333333333
4874,0.0
4875,63873.0
4876,0.0
4877,0.0
4878,0.0
4879,0.0
4880,0.0
4881,0.0
4882,0.0
4883,0.0
4884,81952.26666666666
4885,0.0
4886,0.0
4887,38954.6
4888,0.0
4889,0.0
4890,0.0
4891,0.0
4892,74184.53333333334
4893,0.0
4894,88491.2
4895,0.0
4896,0.0
4897,0.0
4898,0.0
4899,0.0
4900,0.0
4901,0.0
4902,69618.6
4903,0.0
4904,0.0
4905,0.0
4906,0.0
4907,0.0
4908,0.0
4909,0.0
4910,61729.0
4911,34912.4
4912,0.0
4913,0.0
4914,0.0
4915,0.0
4916,0.0
4917,0.0
4918,47141.066666666666
4919,0.0
4920,78261.6
4921,0.0
4922,0.0
4923,0.0
4924,0.0
4925,66308.86666666667
4926,60943.6
4927,0.0
4928,0.0
4929,0.0
4930,37451.73333333333
4931,0.0
4932,0.0
4933,0.0
4934,0.0
4935,0.0
4936,0.0
4937,65718.93333333333
4938,0.0
4939,0.0
4940,0.0
4941,0.0
4942,86838.13333333333
4943,0.0
4944,0.0
4945,0.0
4946,0.0
4947,0.0
4948,0.0
4949,0.0
4950,0.0
4951,0.0
4952,0.0
4953,0.0
4954,0.0
4955,0.0
4956,0.0
4957,0.0
4958,0.0
4959,0.0
4960,0.0
4961,0.0
4962,0.0
4963,0.0
4964,0.0
4965,0.0
4966,0.0
4967,0.0
4968,0.0
4969,0.0
4970,45958.13333333333
4971,70369.33333333333
4972,0.0
4973,66422.86666666667
4974,76288.8
4975,0.0
4976,0.0
4977,64960.26666666667
4978,0.0
4979,0.0
4980,0.0
4981,66822.0
4982,0.0
4983,0.0
4984,0.0
4985,0.0
4986,0.0
4987,0.0
4988,34912.4
4989,0.0
4990,0.0
4991,0.0
4992,42075.933333333334
4993,39263.333333333336
4994,0.0
4995,0.0
4996,0.0
4997,0.0
4998,0.0
4999,0.0
5000,0.0
5001,96152.46666666666
5002,0.0
5003,0.0
5004,0.0
5005,0.0
5006,0.0
5007,0.0
5008,47131.86666666667
5009,0.0
5010,0.0
5011,0.0
5012,0.0
5013,0.0
5014,0.0
5015,41532.8
5016,0.0
5017,0.0
5018,0.0
5019,45852.0
5020,0.0
5021,0.0
5022,0.0
5023,0.0
5024,0.0
5025,0.0
5026,0.0
5027,0.0
5028,0.0
5029,73149.46666666666
5030,0.0
5031,78262.93333333333
5032,0.0
5033,0.0
5034,0.0
5035,61915.8
5036,0.0
5037,0.0
5038,0.0
5039,0.0
5040,0.0
5041,0.0
5042,62937.86666666667
5043,0.0
5044,0.0
5045,56124.53333333333
5046,0.0
5047,0.0
5048,0.0
5049,0.0
5050,0.0
5051,79094.6
5052,0.0
5053,0.0
5054,0.0
5055,0.0
5056,0.0
5057,0.0
5058,41523.933333333334
5059,0.0
5060,0.0
5061,0.0
5062,65833.0
5063,0.0
5064,73086.6
5065,0.0
5066,0.0
5067,0.0
5068,0.0
5069,0.0
5070,0.0
5071,0.0
5072,0.0
5073,0.0
5074,0.0
5075,38738.26666666667
5076,0.0
5077,0.0
5078,0.0
5079,0.0
5080,0.0
5081,0.0
5082,68587.93333333333
5083,0.0
5084,0.0
5085,0.0
5086,101625.8
5087,0.0
5088,0.0
5089,0.0
5090,75129.73333333334
5091,0.0
5092,0.0
5093,0.0
5094,0.0
5095,0.0
5096,0.0
5097,0.0
5098,0.0
5099,0.0
5100,0.0
5101,0.0
5102,70612.66666666667
5103,0.0
5104,0.0
5105,0.0
5106,0.0
5107,0.0
5108,0.0
5109,0.0
5110,0.0
5111,66426.26666666666
5112,0.0
5113,0.0
5114,0.0
5115,0.0
5116,0.0
5117,0.0
5118,0.0
5119,0.0
5120,0.0
5121,0.0
5122,0.0
5123,0.0
5124,0.0
5125,0.0
5126,0.0
5127,0.0
5128,0.0
5129,0.0
5130,0.0
5131,0.0
5132,0.0
5133,0.0
5134,0.0
5135,0.0
5136,0.0
5137,0.0
5138,0.0
5139,0.0
5140,0.0
5141,0.0
5142,65833.0
5143,39124.066666666666
5144,0.0
5145,72978.13333333333
5146,0.0
5147,0.0
5148,0.0
5149,0.0
5150,58530.13333333333
5151,0.0
5152,0.0
5153,0.0
5154,0.0
5155,0.0
5156,0.0
5157,0.0
5158,0.0
5159,0.0
5160,79947.0
5161,0.0
5162,0.0
5163,40609.73333333333
5164,0.0
5165,0.0
5166,0.0
5167,0.0
5168,0.0
5169,0.0
5170,0.0
5171,0.0
5172,0.0
5173,0.0
5174,0.0
5175,0.0
5176,0.0
5177,0.0
5178,0.0
5179,34353.26666666667
5180,0.0
5181,0.0
5182,0.0
5183,0.0
5184,0.0
5185,43742.333333333336
5186,0.0
5187,0.0
5188,0.0
5189,76544.66666666667
5190,0.0
5191,0.0
5192,0.0
5193,0.0
5194,0.0
5195,0.0
5196,0.0
5197,0.0
5198,0.0
5199,0.0
5200,0.0
5201,0.0
5202,0.0
5203,0.0
5204,0.0
5205,0.0
5206,0.0
5207,81350.46666666666
5208,0.0
5209,0.0
5210,47049.86666666667
5211,69732.33333333333
5212,0.0
5213,61607.666666666664
5214,70667.86666666667
5215,0.0
5216,84204.06666666667
5217,0.0
5218,0.0
5219,0.0
5220,0.0
5221,0.0
5222,0.0
5223,0.0
5224,0.0
5225,0.0
5226,0.0
5227,0.0
5228,0.0
5229,0.0
5230,82065.53333333334
5231,0.0
5232,0.0
5233,70336.0
5234,0.0
5235,101281.13333333333
5236,0.0
5237,44084.6
5238,39887.53333333333
5239,0.0
5240,0.0
5241,0.0
5242,0.0
5243,0.0
5244,0.0
5245,0.0
5246,66414.26666666666
5247,0.0
5248,0.0
5249,0.0
5250,0.0
5251,58157.333333333336
5252,0.0
5253,0.0
5254,0.0
5255,0.0
5256,72475.86666666667
5257,0.0
5258,0.0
5259,0.0
5260,0.0
5261,0.0
5262,86851.73333333334
5263,77764.86666666667
5264,0.0
5265,0.0
5266,0.0
5267,0.0
5268,0.0
5269,0.0
5270,0.0
5271,0.0
5272,0.0
5273,0.0
5274,0.0
5275,0.0
5276,0.0
5277,0.0
5278,0.0
5279,0.0
5280,0.0
5281,0.0
5282,0.0
5283,0.0
5284,0.0
5285,0.0
5286,0.0
5287,0.0
5288,41876.4
5289,0.0
5290,0.0
5291,0.0
5292,0.0
5293,0.0
5294,54399.53333333333
5295,0.0
5296,0.0
5297,0.0
5298,0.0
5299,0.0
5300,0.0
5301,0.0
5302,73097.66666666667
5303,0.0
5304,0.0
5305,0.0
5306,0.0
5307,0.0
5308,44906.26666666667
5309,0.0
5310,0.0
5311,0.0
5312,0.0
5313,0.0
5314,0.0
5315,0.0
5316,0.0
5317,0.0
5318,0.0
5319,0.0
5320,0.0
5321,0.0
5322,0.0
5323,0.0
5324,0.0
5325,0.0
5326,66752.6
5327,0.0
5328,0.0
5329,0.0
5330,0.0
5331,0.0
5332,57547.2
5333,0.0
5334,0.0
5335,0.0
5336,0.0
5337,0.0
5338,0.0
5339,66130.26666666666
5340,0.0
5341,0.0
5342,0.0
5343,0.0
5344,0.0
5345,0.0
5346,0.0
5347,0.0
5348,0.0
5349,0.0
5350,0.0
5351,0.0
5352,0.0
5353,0.0
5354,51362.26666666667
5355,46795.066666666666
5356,0.0
5357,0.0
5358,0.0
5359,0.0
5360,0.0
5361,98961.93333333333
5362,48154.333333333336
5363,0.0
5364,0.0
5365,0.0
5366,0.0
5367,0.0
5368,0.0
5369,0.0
5370,0.0
5371,0.0
5372,0.0
5373,0.0
5374,0.0
5375,0.0
5376,0.0
5377,0.0
5378,72271.93333333333
5379,0.0
5380,0.0
5381,0.0
5382,0.0
5383,0.0
5384,0.0
5385,0.0
5386,0.0
5387,0.0
5388,0.0
5389,39299.0
5390,0.0
5391,0.0
5392,0.0
5393,45226.46666666667
5394,0.0
5395,73905.06666666667
5396,0.0
5397,0.0
5398,0.0
5399,0.0
5400,48473.6
5401,0.0
5402,0.0
5403,0.0
5404,0.0
5405,0.0
5406,0.0
5407,0.0
5408,0.0
5409,0.0
5410,0.0
5411,0.0
5412,0.0
5413,0.0
5414,0.0
5415,0.0
5416,0.0
5417,43498.333333333336
5418,0.0
5419,64987.066666666666
5420,0.0
5421,63058.86666666667
5422,0.0
5423,0.0
5424,0.0
5425,0.0
5426,0.0
5427,0.0
5428,0.0
5429,0.0
5430,0.0
5431,0.0
5432,0.0
5433,46961.4
5434,36392.2
5435,0.0
5436,0.0
5437,0.0
5438,0.0
5439,0.0
5440,0.0
5441,0.0
5442,0.0
5443,0.0
5444,88848.13333333333
5445,0.0
5446,0.0
5447,0.0
5448,0.0
5449,0.0
5450,0.0
5451,0.0
5452,0.0
5453,74233.66666666667
5454,0.0
5455,0.0
5456,0.0
5457,0.0
5458,0.0
5459,79349.8
5460,0.0
5461,0.0
5462,0.0
5463,0.0
5464,0.0
5465,0.0
5466,0.0
5467,69402.13333333333
5468,0.0
5469,0.0
5470,65400.666666666664
5471,79660.0
5472,0.0
5473,0.0
5474,39047.2
5475,0.0
5476,0.0
5477,0.0
5478,0.0
5479,0.0
5480,0.0
5481,41052.2
5482,0.0
5483,0.0
5484,0.0
5485,0.0
5486,0.0
5487,50085.13333333333
5488,0.0
5489,0.0
5490,0.0
5491,0.0
5492,0.0
5493,57127.73333333333
5494,75300.6
5495,0.0
5496,0.0
5497,0.0
5498,0.0
5499,0.0
5500,69167.53333333334
5501,0.0
5502,0.0
5503,0.0
5504,0.0
5505,0.0
5506,0.0
5507,81411.6
5508,0.0
5509,0.0
5510,0.0
5511,0.0
5512,0.0
5513,0.0
5514,0.0
5515,0.0
5516,87769.86666666667
5517,88827.46666666666
5518,0.0
5519,70673.6
5520,0.0
5521,0.0
5522,0.0
5523,0.0
5524,41670.73333333333
5525,0.0
5526,0.0
5527,0.0
5528,0.0
5529,46452.333333333336
5530,59696.53333333333
5531,0.0
5532,0.0
5533,0.0
5534,79338.26666666666
5535,0.0
5536,0.0
5537,0.0
5538,0.0
5539,0.0
5540,0.0
5541,0.0
5542,0.0
5543,0.0
5544,0.0
5545,0.0
5546,0.0
5547,91416.26666666666
5548,0.0
5549,0.0
5550,38311.666666666664
5551,0.0
5552,0.0
5553,70589.06666666667
5554,0.0
5555,0.0
5556,0.0
5557,61398.73333333333
5558,0.0
5559,0.0
5560,0.0
5561,0.0
5562,0.0
5563,0.0
5564,0.0
5565,47069.46666666667
5566,0.0
5567,0.0
5568,0.0
5569,52670.13333333333
5570,0.0
5571,0.0
5572,61306.066666666666
5573,0.0
5574,0.0
5575,0.0
5576,0.0
5577,0.0
5578,0.0
5579,0.0
5580,0.0
5581,0.0
5582,0.0
5583,0.0
5584,0.0
5585,0.0
5586,0.0
5587,0.0
5588,83121.06666666667
5589,0.0
5590,0.0
5591,0.0
5592,0.0
5593,0.0
5594,0.0
5595,0.0
5596,0.0
5597,0.0
5598,83692.53333333334
5599,0.0
5600,55372.4
5601,0.0
5602,0.0
5603,0.0
5604,0.0
5605,0.0
5606,0.0
5607,0.0
5608,50600.86666666667
5609,0.0
5610,0.0
5611,0.0
5612,0.0
5613,0.0
5614,0.0
5615,0.0
5616,86218.0
5617,0.0
5618,0.0
5619,0.0
5620,0.0
5621,43717.666666666664
5622,0.0
5623,0.0
5624,0.0
5625,0.0
5626,0.0
5627,0.0
5628,38661.933333333334
5629,0.0
5630,0.0
5631,0.0
5632,0.0
5633,0.0
5634,44970.666666666664
5635,0.0
5636,0.0
5637,0.0
5638,0.0
5639,0.0
5640,0.0
5641,0.0
5642,0.0
5643,0.0
5644,0.0
5645,0.0
5646,0.0
5647,0.0
5648,59727.0
5649,0.0
5650,0.0
5651,0.0
5652,0.0
5653,0.0
5654,0.0
5655,66426.26666666666
5656,0.0
5657,0.0
5658,0.0
5659,0.0
5660,0.0
5661,0.0
5662,0.0
5663,42700.2
5664,0.0
5665,0.0
5666,0.0
5667,61263.13333333333
5668,0.0
5669,0.0
5670,0.0
5671,0.0
5672,0.0
5673,0.0
5674,0.0
5675,0.0
5676,0.0
5677,0.0
5678,0.0
5679,0.0
5680,0.0
5681,43152.333333333336
5682,0.0
5683,0.0
5684,0.0
5685,0.0
5686,0.0
5687,0.0
5688,0.0
5689,0.0
5690,0.0
5691,0.0
5692,0.0
5693,0.0
5694,0.0
5695,0.0
5696,0.0
5697,42748.666666666664
5698,0.0
5699,0.0
5700,0.0
5701,0.0
5702,0.0
5703,0.0
5704,0.0
5705,0.0
5706,0.0
5707,0.0
5708,0.0
5709,0.0
5710,0.0
5711,0.0
5712,0.0
5713,0.0
5714,0.0
5715,0.0
5716,0.0
5717,0.0
5718,0.0
5719,0.0
5720,0.0
5721,0.0
5722,0.0
5723,75657.06666666667
5724,0.0
5725,67640.86666666667
5726,0.0
5727,0.0
5728,0.0
5729,0.0
5730,0.0
5731,0.0
5732,0.0
5733,0.0
5734,62642.26666666667
5735,0.0
5736,82033.4
5737,0.0
5738,0.0
5739,0.0
5740,40853.0
5741,0.0
5742,0.0
5743,0.0
5744,0.0
5745,0.0
5746,0.0
5747,0.0
5748,0.0
5749,0.0
5750,72484.06666666667
5751,0.0
5752,0.0
5753,0.0
5754,0.0
5755,0.0
5756,0.0
5757,0.0
5758,0.0
5759,60155.8
5760,0.0
5761,0.0
5762,0.0
5763,0.0
5764,0.0
5765,0.0
5766,0.0
5767,0.0
5768,0.0
5769,0.0
5770,0.0
5771,49227.333333333336
5772,0.0
5773,0.0
5774,0.0
5775,0.0
5776,50654.2
5777,0.0
5778,93469.33333333333
5779,0.0
5780,63387.13333333333
5781,37220.6
5782,71441.86666666667
5783,0.0
5784,0.0
5785,0.0
5786,40353.26666666667
5787,0.0
5788,51026.46666666667
5789,72573.93333333333
5790,0.0
5791,0.0
5792,0.0
5793,0.0
5794,59799.933333333334
5795,0.0
5796,0.0
5797,0.0
5798,0.0
5799,0.0
5800,0.0
5801,69460.73333333334
5802,0.0
5803,0.0
5804,0.0
5805,0.0
5806,0.0
5807,0.0
5808,0.0
5809,0.0
5810,0.0
5811,0.0
5812,0.0
5813,0.0
5814,0.0
5815,0.0
5816,0.0
5817,0.0
5818,72064.46666666666
5819,0.0
5820,0.0
5821,0.0
5822,0.0
5823,0.0
5824,79557.26666666666
5825,72326.0
5826,0.0
5827,0.0
5828,38430.8
5829,0.0
5830,108135.46666666666
5831,0.0
5832,0.0
5833,0.0
5834,0.0
5835,0.0
5836,0.0
5837,49191.666666666664
5838,0.0
5839,0.0
5840,0.0
5841,0.0
5842,0.0
5843,0.0
5844,0.0
5845,0.0
5846,0.0
5847,0.0
5848,0.0
5849,0.0
5850,0.0
5851,0.0
5852,0.0
5853,0.0
5854,0.0
5855,0.0
5856,0.0
5857,0.0
5858,0.0
5859,0.0
5860,0.0
5861,41225.066666666666
5862,0.0
5863,0.0
5864,0.0
5865,0.0
5866,0.0
5867,0.0
5868,0.0
5869,40333.86666666667
5870,0.0
5871,0.0
5872,0.0
5873,0.0
5874,0.0
5875,0.0
5876,0.0
5877,0.0
5878,0.0
5879,0.0
5880,0.0
5881,70730.06666666667
5882,0.0
5883,0.0
5884,0.0
5885,0.0
5886,0.0
5887,0.0
5888,0.0
5889,0.0
5890,0.0
5891,0.0
5892,93743.66666666667
5893,0.0
5894,0.0
5895,0.0
5896,46251.13333333333
5897,0.0
5898,78590.13333333333
5899,63286.8
5900,0.0
5901,0.0
5902,0.0
5903,0.0
5904,0.0
5905,0.0
5906,0.0
5907,46166.26666666667
5908,0.0
5909,0.0
5910,0.0
5911,0.0
5912,65969.06666666667
5913,0.0
5914,0.0
5915,0.0
5916,0.0
5917,0.0
5918,0.0
5919,67695.53333333334
5920,0.0
5921,88252.46666666666
5922,0.0
5923,0.0
5924,0.0
5925,0.0
5926,0.0
5927,0.0
5928,0.0
5929,0.0
5930,0.0
5931,0.0
5932,72619.33333333333
5933,43609.666666666664
5934,0.0
5935,0.0
5936,0.0
5937,0.0
5938,45534.666666666664
5939,0.0
5940,0.0
5941,0.0
5942,0.0
5943,0.0
5944,0.0
5945,0.0
5946,0.0
5947,44882.26666666667
5948,0.0
5949,0.0
5950,0.0
5951,0.0
5952,37369.53333333333
5953,0.0
5954,0.0
5955,0.0
5956,0.0
5957,75565.53333333334
5958,0.0
5959,0.0
5960,0.0
5961,84586.33333333333
5962,0.0
5963,0.0
5964,0.0
5965,0.0
5966,0.0
5967,0.0
5968,0.0
5969,0.0
5970,0.0
5971,0.0
5972,0.0
5973,0.0
5974,0.0
5975,0.0
5976,0.0
5977,0.0
5978,0.0
5979,0.0
5980,0.0
5981,0.0
5982,0.0
5983,0.0
5984,0.0
5985,0.0
5986,0.0
5987,0.0
5988,0.0
5989,50981.666666666664
5990,0.0
5991,91207.4
5992,0.0
5993,67024.93333333333
5994,0.0
5995,0.0
5996,0.0
5997,0.0
5998,0.0
5999,0.0
6000,0.0
6001,0.0
6002,69596.13333333333
6003,0.0
6004,0.0
6005,67691.73333333334
6006,0.0
6007,0.0
6008,0.0
6009,0.0
6010,0.0
6011,0.0
6012,59934.066666666666
6013,0.0
6014,0.0
6015,0.0
6016,0.0
6017,0.0
6018,38826.8
6019,0.0
6020,39083.0
6021,0.0
6022,62610.0
6023,0.0
6024,0.0
6025,0.0
6026,0.0
6027,0.0
6028,0.0
6029,0.0
6030,60182.26666666667
6031,0.0
6032,0.0
6033,75888.0
6034,0.0
6035,0.0
6036,0.0
6037,0.0
6038,0.0
6039,0.0
6040,0.0
6041,0.0
6042,0.0
6043,0.0
6044,0.0
6045,0.0
6046,0.0
6047,0.0
6048,0.0
6049,0.0
6050,0.0
6051,0.0
6052,0.0
6053,0.0
6054,0.0
6055,0.0
6056,0.0
6057,57929.26666666667
6058,0.0
6059,0.0
6060,0.0
6061,0.0
6062,38762.8
6063,0.0
6064,0.0
6065,0.0
6066,0.0
6067,0.0
6068,0.0
6069,0.0
6070,0.0
6071,0.0
6072,77386.26666666666
6073,0.0
6074,0.0
6075,0.0
6076,0.0
6077,0.0
6078,0.0
6079,0.0
6080,0.0
6081,0.0
6082,46586.666666666664
6083,0.0
6084,0.0
6085,0.0
6086,0.0
6087,0.0
6088,0.0
6089,0.0
6090,79111.66666666667
6091,0.0
6092,0.0
6093,0.0
6094,0.0
6095,0.0
6096,0.0
6097,0.0
6098,0.0
6099,0.0
6100,0.0
6101,0.0
6102,0.0
6103,0.0
6104,0.0
6105,0.0
6106,0.0
6107,0.0
6108,84350.73333333334
6109,0.0
6110,0.0
6111,0.0
6112,0.0
6113,90290.66666666667
6114,0.0
6115,0.0
6116,0.0
6117,0.0
6118,0.0
6119,0.0
6120,0.0
6121,0.0
6122,0.0
6123,0.0
6124,0.0
6125,0.0
6126,0.0
6127,0.0
6128,0.0
6129,0.0
6130,0.0
6131,0.0
6132,0.0
6133,0.0
6134,0.0
6135,0.0
6136,0.0
6137,0.0
6138,0.0
6139,0.0
6140,0.0
6141,0.0
6142,0.0
6143,36881.8
6144,0.0
6145,0.0
6146,0.0
6147,0.0
6148,0.0
6149,76804.8
6150,0.0
6151,0.0
6152,0.0
6153,71537.26666666666
6154,0.0
6155,0.0
6156,0.0
6157,0.0
6158,0.0
6159,40527.933333333334
6160,0.0
6161,64492.666666666664
6162,0.0
6163,89604.2
6164,49343.2
6165,0.0
6166,0.0
6167,43578.13333333333
6168,0.0
6169,76017.53333333334
6170,0.0
6171,0.0
6172,0.0
6173,65222.86666666667
6174,0.0
6175,0.0
6176,0.0
6177,41989.333333333336
6178,0.0
6179,0.0
6180,0.0
6181,0.0
6182,0.0
6183,0.0
6184,0.0
6185,0.0
6186,0.0
6187,0.0
6188,0.0
6189,0.0
6190,0.0
6191,0.0
6192,0.0
6193,0.0
6194,0.0
6195,42734.333333333336
6196,0.0
6197,0.0
6198,0.0
6199,0.0
6200,0.0
6201,0.0
6202,0.0
6203,0.0
6204,0.0
6205,0.0
6206,0.0
6207,0.0
6208,38949.13333333333
6209,0.0
6210,46902.53333333333
6211,38146.933333333334
6212,0.0
6213,0.0
6214,0.0
6215,61966.0
6216,0.0
6217,0.0
6218,0.0
6219,0.0
6220,0.0
6221,0.0
6222,0.0
6223,0.0
6224,0.0
6225,0.0
6226,0.0
6227,54628.13333333333
6228,0.0
6229,0.0
6230,54585.13333333333
6231,0.0
6232,0.0
6233,0.0
6234,0.0
6235,0.0
6236,0.0
6237,0.0
6238,0.0
6239,0.0
6240,0.0
6241,0.0
6242,0.0
6243,0.0
6244,0.0
6245,0.0
6246,0.0
6247,42437.066666666666
6248,0.0
6249,0.0
6250,0.0
6251,0.0
6252,0.0
6253,79094.6
6254,0.0
6255,0.0
6256,0.0
6257,0.0
6258,0.0
6259,40979.86666666667
6260,51466.53333333333
6261,0.0
6262,45627.333333333336
6263,0.0
6264,61280.2
6265,0.0
6266,0.0
6267,68898.73333333334
6268,0.0
6269,0.0
6270,0.0
6271,0.0
6272,48292.066666666666
6273,0.0
6274,0.0
6275,0.0
6276,0.0
6277,40711.6
6278,0.0
6279,0.0
6280,0.0
6281,0.0
6282,0.0
6283,0.0
6284,0.0
6285,0.0
6286,0.0
6287,0.0
6288,0.0
6289,0.0
6290,0.0
6291,64819.4
6292,0.0
6293,40515.666666666664
6294,85098.46666666666
6295,72271.93333333333
6296,0.0
6297,0.0
6298,0.0
6299,0.0
6300,74862.73333333334
6301,0.0
6302,0.0
6303,0.0
6304,0.0
6305,0.0
6306,0.0
6307,0.0
6308,0.0
6309,0.0
6310,0.0
6311,0.0
6312,0.0
6313,34261.13333333333
6314,0.0
6315,0.0
6316,0.0
6317,0.0
6318,0.0
6319,0.0
6320,53389.933333333334
6321,53359.46666666667
6322,0.0
6323,0.0
6324,49360.066666666666
6325,0.0
6326,0.0
6327,0.0
6328,0.0
6329,0.0
6330,0.0
6331,60598.933333333334
6332,0.0
6333,0.0
6334,0.0
6335,0.0
6336,0.0
6337,0.0
6338,0.0
6339,0.0
6340,0.0
6341,42786.8
6342,71044.06666666667
6343,0.0
6344,63216.13333333333
6345,0.0
6346,0.0
6347,0.0
6348,64478.26666666667
6349,0.0
6350,74199.8
6351,0.0
6352,0.0
6353,0.0
6354,0.0
6355,0.0
6356,0.0
6357,0.0
6358,0.0
6359,0.0
6360,0.0
6361,0.0
6362,0.0
6363,0.0
6364,0.0
6365,0.0
6366,41415.46666666667
6367,0.0
6368,0.0
6369,0.0
6370,63772.8
6371,0.0
6372,0.0
6373,38931.333333333336
6374,0.0
6375,0.0
6376,0.0
6377,0.0
6378,0.0
6379,0.0
6380,0.0
6381,0.0
6382,0.0
6383,0.0
6384,0.0
6385,0.0
6386,0.0
6387,56568.333333333336
6388,77755.06666666667
6389,0.0
6390,0.0
6391,0.0
6392,0.0
6393,77208.33333333333
6394,0.0
6395,0.0
6396,0.0
6397,0.0
6398,0.0
6399,0.0
6400,0.0
6401,0.0
6402,0.0
6403,40288.46666666667
6404,0.0
6405,0.0
6406,68650.8
6407,0.0
6408,0.0
6409,0.0
6410,0.0
6411,0.0
6412,71699.06666666667
6413,0.0
6414,58623.86666666667
6415,0.0
6416,78261.6
6417,0.0
6418,0.0
6419,0.0
6420,90361.53333333334
6421,0.0
6422,0.0
6423,0.0
6424,41475.73333333333
6425,0.0
6426,0.0
6427,0.0
6428,0.0
6429,0.0
6430,66351.13333333333
6431,0.0
6432,0.0
6433,0.0
6434,0.0
6435,0.0
6436,0.0
6437,0.0
6438,0.0
6439,0.0
6440,0.0
6441,0.0
6442,0.0
6443,0.0
6444,0.0
6445,0.0
6446,0.0
6447,0.0
6448,0.0
6449,0.0
6450,0.0
6451,0.0
6452,0.0
6453,0.0
6454,0.0
6455,46943.53333333333
6456,0.0
6457,0.0
6458,0.0
6459,0.0
6460,0.0
6461,0.0
6462,0.0
6463,0.0
6464,0.0
6465,0.0
6466,0.0
6467,0.0
6468,0.0
6469,0.0
6470,0.0
6471,0.0
6472,0.0
6473,0.0
6474,0.0
6475,0.0
6476,0.0
6477,0.0
6478,0.0
6479,0.0
6480,0.0
6481,0.0
6482,0.0
6483,0.0
6484,0.0
6485,76799.26666666666
6486,0.0
6487,0.0
6488,0.0
6489,0.0
6490,0.0
6491,41292.86666666667
6492,0.0
6493,121906.66666666667
6494,54142.933333333334
6495,0.0
6496,0.0
6497,0.0
6498,68031.26666666666
6499,0.0
6500,0.0
6501,0.0
6502,0.0
6503,0.0
6504,0.0
6505,0.0
6506,0.0
6507,0.0
6508,0.0
6509,38192.53333333333
6510,0.0
6511,0.0
6512,0.0
6513,0.0
6514,0.0
6515,0.0
6516,0.0
6517,0.0
6518,0.0
6519,0.0
6520,0.0
6521,0.0
6522,0.0
6523,0.0
6524,46200.26666666667
6525,0.0
6526,0.0
6527,0.0
6528,0.0
6529,0.0
6530,0.0
6531,0.0
6532,51755.13333333333
6533,0.0
6534,0.0
6535,39884.6
6536,0.0
6537,80592.46666666666
6538,0.0
6539,0.0
6540,108929.86666666667
6541,0.0
6542,0.0
6543,76085.73333333334
6544,0.0
6545,0.0
6546,0.0
6547,0.0
6548,0.0
6549,0.0
6550,0.0
6551,0.0
6552,0.0
6553,0.0
6554,0.0
6555,0.0
6556,0.0
6557,0.0
6558,0.0
6559,0.0
6560,0.0
6561,41886.933333333334
6562,0.0
6563,0.0
6564,0.0
6565,0.0
6566,37487.86666666667
6567,0.0
6568,0.0
6569,0.0
6570,0.0
6571,40549.066666666666
6572,0.0
6573,68947.4
6574,0.0
6575,0.0
6576,0.0
6577,0.0
6578,0.0
6579,0.0
6580,0.0
6581,0.0
6582,0.0
6583,0.0
6584,0.0
6585,0.0
6586,0.0
6587,0.0
6588,0.0
6589,0.0
6590,37714.8
6591,0.0
6592,0.0
6593,93084.93333333333
6594,0.0
6595,0.0
6596,0.0
6597,0.0
6598,0.0
6599,0.0
6600,0.0
6601,0.0
6602,0.0
6603,66321.66666666667
6604,54338.2
6605,0.0
6606,0.0
6607,0.0
6608,0.0
6609,37345.8
6610,46086.8
6611,0.0
6612,0.0
6613,0.0
6614,0.0
6615,0.0
6616,0.0
6617,0.0
6618,0.0
6619,37929.73333333333
6620,0.0
6621,70044.66666666667
6622,0.0
6623,0.0
6624,0.0
6625,0.0
6626,0.0
6627,0.0
6628,0.0
6629,41036.0
6630,0.0
6631,0.0
6632,78204.33333333333
6633,0.0
6634,0.0
6635,0.0
6636,0.0
6637,0.0
6638,0.0
6639,0.0
6640,0.0
6641,0.0
6642,0.0
6643,0.0
6644,0.0
6645,0.0
6646,0.0
6647,77240.06666666667
6648,0.0
6649,0.0
6650,71665.2
6651,0.0
6652,0.0
6653,0.0
6654,0.0
6655,0.0
6656,69103.4
6657,0.0
6658,0.0
6659,0.0
6660,0.0
6661,0.0
6662,0.0
6663,0.0
6664,0.0
6665,0.0
6666,0.0
6667,0.0
6668,0.0
6669,0.0
6670,0.0
6671,0.0
6672,50652.333333333336
6673,0.0
6674,0.0
6675,60019.86666666667
6676,0.0
6677,0.0
6678,0.0
6679,0.0
6680,71328.2
6681,0.0
6682,0.0
6683,0.0
6684,33717.86666666667
6685,73566.06666666667
6686,0.0
6687,0.0
6688,42423.0
6689,0.0
6690,0.0
6691,0.0
6692,0.0
6693,0.0
6694,0.0
6695,0.0
6696,0.0
6697,0.0
6698,0.0
6699,46116.73333333333
6700,45326.73333333333
6701,0.0
6702,0.0
6703,0.0
6704,61803.333333333336
6705,39454.8
6706,0.0
6707,0.0
6708,0.0
6709,0.0
6710,0.0
6711,0.0
6712,0.0
6713,0.0
6714,0.0
6715,0.0
6716,0.0
6717,35306.4
6718,0.0
6719,0.0
6720,34721.13333333333
6721,0.0
6722,0.0
6723,45332.8
6724,0.0
6725,0.0
6726,0.0
6727,46857.8
6728,0.0
6729,0.0
6730,0.0
6731,0.0
6732,0.0
6733,0.0
6734,0.0
6735,0.0
6736,0.0
6737,0.0
6738,0.0
6739,0.0
6740,59893.666666666664
6741,0.0
6742,0.0
6743,60348.6
6744,0.0
6745,0.0
6746,0.0
6747,0.0
6748,0.0
6749,0.0
6750,0.0
6751,0.0
6752,0.0
6753,0.0
6754,0.0
6755,0.0
6756,0.0
6757,53894.53333333333
6758,0.0
6759,0.0
6760,0.0
6761,0.0
6762,0.0
6763,0.0
6764,0.0
6765,0.0
6766,0.0
6767,0.0
6768,0.0
6769,0.0
6770,0.0
6771,70035.13333333333
6772,0.0
6773,0.0
6774,0.0
6775,0.0
6776,0.0
6777,0.0
6778,0.0
6779,0.0
6780,0.0
6781,0.0
6782,0.0
6783,0.0
6784,0.0
6785,0.0
6786,0.0
6787,0.0
6788,0.0
6789,0.0
6790,0.0
6791,0.0
6792,0.0
6793,0.0
6794,0.0
6795,0.0
6796,0.0
6797,0.0
6798,0.0
6799,0.0
6800,0.0
6801,0.0
6802,0.0
6803,0.0
6804,0.0
6805,40949.666666666664
6806,0.0
6807,0.0
6808,0.0
6809,38050.0
6810,0.0
6811,0.0
6812,0.0
6813,0.0
6814,0.0
6815,0.0
6816,79098.93333333333
6817,0.0
6818,0.0
6819,0.0
6820,0.0
6821,0.0
6822,0.0
6823,0.0
6824,0.0
6825,0.0
6826,0.0
6827,0.0
6828,0.0
6829,0.0
6830,0.0
6831,0.0
6832,0.0
6833,0.0
6834,0.0
6835,0.0
6836,0.0
6837,77515.46666666666
6838,0.0
6839,0.0
6840,0.0
6841,0.0
6842,0.0
6843,0.0
6844,0.0
6845,0.0
6846,0.0
6847,0.0
6848,41225.066666666666
6849,0.0
6850,0.0
6851,0.0
6852,0.0
6853,0.0
6854,0.0
6855,0.0
6856,79242.06666666667
6857,0.0
6858,0.0
6859,43622.53333333333
6860,0.0
6861,0.0
6862,0.0
6863,0.0
6864,0.0
6865,75031.26666666666
6866,49143.666666666664
6867,0.0
6868,0.0
6869,0.0
6870,0.0
6871,34918.86666666667
6872,0.0
6873,0.0
6874,0.0
6875,0.0
6876,0.0
6877,0.0
6878,48183.13333333333
6879,0.0
6880,0.0
6881,0.0
6882,0.0
6883,0.0
6884,0.0
6885,69561.8
6886,0.0
6887,64960.26666666667
6888,0.0
6889,0.0
6890,0.0
6891,0.0
6892,0.0
6893,0.0
6894,0.0
6895,0.0
6896,0.0
6897,0.0
6898,0.0
6899,38452.8
6900,0.0
6901,0.0
